Data;CPF_CNPJ;Nome_Cliente;Regiao;Produto;Quantidade;Valor_Unitario;Lucro_Total;;;;;;;
20/10/2024;447.389.727-31;Arabelle Towl;Centro-Oeste;Fogao Philco;19;3358.69;63815.11;;;;;;;
06/01/2024;595.636.426-27;Rod Stanbury;Centro-Oeste;Maquina Lavar LG;88;1027.57;90426.16;;;;;;;
23/08/2025;515.996.813-07;Alex Ferson;Nordeste;Refrigerante Guarana Antarctica;76;1711.07;130041.32;;;;;;;
02/09/2025;000.666.482-20;Verla Crozier;Sul;Ventilador Mondial;11;2632.04;28952.44;;;;;;;
22/03/2024;327.544.784-00;Josephine Paolucci;Sudeste;Smartphone Samsung;63;4419.25;278412.75;;;;;;;
16/12/2025;141.053.698-06;Shelby Macari;Centro-Oeste;Geladeira Samsung;82;3652.42;299498.44;;;;;;;
29/09/2024;424.742.699-08;Timothee Sterre;Nordeste;Fone Ouvido Sony;60;3992.39;239543.4;;;;;;;
04/10/2024;494.217.821-51;Cristy Giovannetti;Centro-Oeste;Tablet Samsung;88;3754.08;330359.04;;;;;;;
06/03/2025;422.480.400-08;Valerye Boorne;Centro-Oeste;Tablet Samsung;66;1050.27;69317.82;;;;;;;
04/06/2024;133.677.931-40;Kienan Treffrey;Sudeste;Geladeira Samsung;58;4390.01;254620.58;;;;;;;
30/12/2025;769.320.715-50;Max Collingham;Nordeste;Agua Mineral Indaia;71;1826.78;129701.38;;;;;;;
14/06/2025;454.975.970-41;Laural Muir;Sul;Cerveja Stella Artois;1;3701.05;3701.05;;;;;;;
12/12/2024;831.474.059-40;Jsandye Shovell;Sul;Geladeira Brastemp;70;1976.73;138371.1;;;;;;;
19/04/2025;324.639.350-81;Blanch Basden;Centro-Oeste;Ventilador Britania;51;700.2;35710.2;;;;;;;
17/07/2025;844.906.569-04;Jasmina Gilligan;Sul;Agua Mineral Bonafont;88;1977.52;174021.76;;;;;;;
05/03/2025;095.958.778-08;Dorothy Le Sieur;Nordeste;TV TCL;81;4565.57;369811.17;;;;;;;
20/02/2025;541.202.026-74;Olympe Gilluley;Sudeste;TV TCL;81;4681.73;379220.13;;;;;;;
16/03/2025;679.998.204-66;Olenka Revance;Centro-Oeste;Fone Ouvido Philips;96;872.88;83796.48;;;;;;;
19/01/2024;825.890.314-40;Latashia McWilliams;Centro-Oeste;TV TCL;42;620.35;26054.7;;;;;;;
15/05/2024;939.384.166-70;Nissie Primo;Sul;Ventilador Arno;12;4368.26;52419.12;;;;;;;
26/10/2025;135.249.527-98;Rees Cettell;Centro-Oeste;Geladeira Consul;3;4207.39;12622.17;;;;;;;
24/01/2024;630.771.447-60;Rolando Bernot;Sudeste;Smartphone Samsung;91;4778.37;434831.67;;;;;;;
03/02/2025;415.759.353-76;Dusty Gowers;Sudeste;Ventilador Mondial;13;3105.42;40370.46;;;;;;;
23/09/2024;161.070.248-40;Urbanus O'Garmen;Sul;Agua Mineral Schin;70;508.04;35562.8;;;;;;;
08/05/2025;302.059.170-89;Phillip Smiley;Norte;Chocolate Nestle;73;2404.2;175506.6;;;;;;;
19/06/2024;148.717.421-72;Abigael Caddell;Sul;Refrigerante CocaCola;99;4854.9;480635.1;;;;;;;
31/07/2025;159.038.031-21;Nicholle Paulisch;Sul;Tablet Lenovo;90;2720.28;244825.2;;;;;;;
22/09/2024;538.465.488-04;Mommy Wallworth;Centro-Oeste;Tablet Apple;42;679.18;28525.56;;;;;;;
22/11/2024;727.140.930-00;Elita Collingwood;Centro-Oeste;Tablet Apple;12;2935.36;35224.32;;;;;;;
05/11/2024;197.586.057-80;Lisa Lipman;Nordeste;Ventilador Mueller;9;4046.46;36418.14;;;;;;;
05/01/2025;679.119.074-47;Mitchel Perford;Nordeste;Notebook Asus;22;2228.78;49033.16;;;;;;;
19/08/2024;679.119.074-47;Michaella Rangeley;Nordeste;Ar Condicionado Springer;1;938.15;938.15;;;;;;;
21/06/2025;170.143.501-29;Montague Antat;Sudeste;Tablet Lenovo;77;4857.26;374009.02;;;;;;;
17/12/2025;417.387.298-42;Gae Wharram;Centro-Oeste;Ar Condicionado Gree;66;4946.42;326463.72;;;;;;;
25/02/2025;175.783.044-88;Worthy Rutgers;Nordeste;TV Philips;23;875.6;20138.8;;;;;;;
10/08/2024;478.244.380-31;Olivero Drogan;Nordeste;Geladeira Samsung;19;4127.7;78426.3;;;;;;;
07/05/2024;993.174.837-04;Gill Dahle;Norte;Chocolate Garoto;37;2720.11;100644.07;;;;;;;
31/03/2025;799.462.027-27;Kermie Stirman;Norte;Smartphone Apple;48;708.17;33992.16;;;;;;;
26/09/2025;256.438.870-10;Xavier Petruska;Norte;Fone Ouvido Xiaomi;96;1785.47;171405.12;;;;;;;
11/08/2024;560.457.870-30;Teressa O'Flaherty;Norte;Notebook HP;63;1607.16;101251.08;;;;;;;
04/10/2025;948.239.227-27;Garvey Clunie;Sudeste;Maquina Lavar Samsung;63;3808.51;239936.13;;;;;;;
24/01/2024;513.431.135-80;Hirsch McNay;Centro-Oeste;Smartphone Motorola;43;1475.58;63449.94;;;;;;;
21/02/2024;886.850.029-90;Kynthia Dowdle;Centro-Oeste;TV Samsung;99;4409.07;436497.93;;;;;;;
22/01/2024;941.763.809-26;Dusty Stonehouse;Norte;Ventilador Britania;60;4133.76;248025.6;;;;;;;
11/06/2025;330.569.201-40;Lavena Bern;Nordeste;Ventilador Mondial;83;4970.37;412540.71;;;;;;;
13/04/2024;907.466.231-51;Angele Burles;Sudeste;Ar Condicionado LG;21;2734.19;57417.99;;;;;;;
22/12/2024;768.078.428-05;Rosella Lindenman;Centro-Oeste;Notebook Lenovo;94;3870.74;363849.56;;;;;;;
20/12/2025;070.193.120-55;Emiline O'Sirin;Nordeste;Fogao Consul;56;3350.99;187655.44;;;;;;;
08/03/2024;661.732.422-65;Perrine Aizikovich;Nordeste;Smartphone LG;37;850.92;31484.04;;;;;;;
26/04/2025;414.704.406-95;Archibald Askin;Norte;Ventilador Mondial;28;4797.08;134318.24;;;;;;;
04/08/2025;186.921.355-69;Carry Bickerdike;Centro-Oeste;Tablet Lenovo;75;3935.47;295160.25;;;;;;;
04/12/2025;601.656.710-84;Nicolis Evins;Sudeste;Maquina Lavar LG;38;4137.1;157209.8;;;;;;;
06/03/2025;384.137.067-50;Urson Johnes;Nordeste;Smartphone Motorola;78;3649.69;284675.82;;;;;;;
17/09/2025;706.592.833-01;Charlie Timblett;Sudeste;Fone Ouvido Sony;24;1601.59;38438.16;;;;;;;
15/08/2025;160.237.841-00;Mikaela Trench;Nordeste;Fone Ouvido Xiaomi;25;2793.11;69827.75;;;;;;;
27/03/2025;595.636.426-27;Elmo Emeney;Norte;Chocolate Lacta;11;2902.12;31923.32;;;;;;;
31/12/2024;221.756.795-00;Johnette Gregorin;Centro-Oeste;Notebook Lenovo;72;1915.91;137945.52;;;;;;;
02/08/2025;818.553.894-87;Adolf Chalcroft;Sul;TV LG;44;3944.91;173576.04;;;;;;;
04/04/2025;538.290.319-04;Eva McPhelimey;Sudeste;Refrigerante CocaCola;90;3309.18;297826.2;;;;;;;
10/05/2024;252.036.777-60;Karin Lambregts;Sudeste;Fone Ouvido Philips;76;3489.85;265228.6;;;;;;;
24/01/2025;217.775.776-24;Ives Muggleston;Sudeste;Tablet Positivo;86;2056.76;176881.36;;;;;;;
30/06/2025;245.523.353-75;Alie Soldan;Nordeste;Ventilador Mueller;60;1395.32;83719.2;;;;;;;
23/01/2024;598.333.566-99;Westbrooke Eam;Centro-Oeste;Ventilador Mondial;40;3528.87;141154.8;;;;;;;
21/06/2025;463.275.192-88;Janie Battey;Sudeste;Geladeira LG;37;4865.76;180033.12;;;;;;;
26/10/2024;816.520.624-91;Zorina Antonignetti;Norte;Notebook Acer;34;2232.69;75911.46;;;;;;;
25/03/2025;967.165.886-55;Baxter Lakenton;Centro-Oeste;Maquina Lavar Consul;11;3887.44;42761.84;;;;;;;
13/09/2024;030.498.507-44;Ky Rosenberger;Sudeste;Fone Ouvido JBL;73;3120.52;227797.96;;;;;;;
17/07/2025;829.665.475-02;Murdoch Kurton;Sul;Fone Ouvido Multilaser;38;3219.24;122331.12;;;;;;;
08/08/2025;394.478.819-20;Walther Power;Sul;Refrigerante Fanta;41;4897.41;200793.81;;;;;;;
04/05/2025;796.744.530-91;Anna-diana Doring;Norte;Smartphone Xiaomi;39;2487.38;97007.82;;;;;;;
13/03/2025;535.410.760-11;Jerrie Careless;Sul;Maquina Lavar Brastemp;43;1775.12;76330.16;;;;;;;
05/11/2025;017.979.127-39;Rodrique Welden;Centro-Oeste;Tablet Samsung;28;4226.79;118350.12;;;;;;;
08/04/2024;876.736.384-95;Anny Poleykett;Sudeste;Maquina Lavar LG;76;3611.13;274445.88;;;;;;;
29/11/2025;478.851.825-25;Iolanthe Josephoff;Sudeste;Fogao Brastemp;5;1453.42;7267.1;;;;;;;
11/08/2025;474.366.854-90;Clementina Cornock;Nordeste;Cerveja Brahma;93;4975.2;462693.6;;;;;;;
17/07/2025;291.537.496-18;Travers Scade;Norte;Cerveja Stella Artois;62;2869.04;177880.48;;;;;;;
02/11/2025;158.770.568-08;Dallon Francesco;Sudeste;Ventilador Mueller;68;3189.93;216915.24;;;;;;;
01/11/2025;523.499.678-67;Terry Gedney;Nordeste;Agua Mineral Schin;13;963.58;12526.54;;;;;;;
03/06/2025;009.553.139-45;Raven Oglesbee;Sul;Refrigerante Fanta;76;3914.15;297475.4;;;;;;;
14/07/2024;896.668.059-36;Britteny Greswell;Norte;Ventilador Britania;36;1530.53;55099.08;;;;;;;
21/12/2025;352.289.367-00;Faina Sweedy;Sul;Ar Condicionado Gree;13;1290.1;16771.3;;;;;;;
06/08/2024;126.791.125-55;Hanna Meach;Sudeste;Notebook Dell;97;2862.54;277666.38;;;;;;;
04/10/2025;794.806.319-62;Leandra Poynser;Sul;Ventilador Britania;25;1896.99;47424.75;;;;;;;
23/04/2024;727.140.930-00;Raphael Wilmut;Centro-Oeste;Refrigerante CocaCola;72;2666.98;192022.56;;;;;;;
20/07/2025;502.065.156-77;Austin Kloska;Sul;Geladeira Electrolux;82;2548.8;209001.6;;;;;;;
14/12/2024;945.209.584-90;Ketti Reilinger;Sudeste;Ar Condicionado Consul;23;3562.67;81941.41;;;;;;;
13/03/2024;277.867.505-17;Rachel Breedy;Sul;Ar Condicionado Gree;73;980.78;71596.94;;;;;;;
05/12/2024;487.969.192-56;Hansiain Lowsely;Sul;Fone Ouvido Xiaomi;5;3230.91;16154.55;;;;;;;
07/10/2024;164.172.979-18;Lilla Lawford;Sul;Ar Condicionado Gree;43;1117.96;48072.28;;;;;;;
28/01/2025;746.712.408-23;Yance Isley;Centro-Oeste;Smartphone LG;23;3985.19;91659.37;;;;;;;
06/12/2025;634.942.139-68;Adlai Lefridge;Nordeste;Agua Mineral Schin;24;4926.59;118238.16;;;;;;;
11/10/2024;655.304.835-50;Germaine Pulbrook;Norte;Smartphone Motorola;67;4068.91;272616.97;;;;;;;
06/11/2024;309.363.040-14;Sheff Knowlson;Sul;Fone Ouvido Xiaomi;52;4303.49;223781.48;;;;;;;
11/05/2024;804.352.928-03;Elwood Wales;Norte;Geladeira Brastemp;28;3297.49;92329.72;;;;;;;
21/04/2024;995.995.720-92;Caty Boydle;Norte;Tablet Lenovo;7;4224.28;29569.96;;;;;;;
22/07/2024;378.291.061-34;Jackquelin Kinvig;Norte;TV Sony;34;2148.32;73042.88;;;;;;;
02/02/2024;663.307.195-78;Yevette O'Brien;Norte;Tablet Positivo;16;4914.35;78629.6;;;;;;;
27/04/2024;471.536.044-64;Fanya Rowberry;Centro-Oeste;Maquina Lavar Brastemp;65;1092.15;70989.75;;;;;;;
20/10/2025;674.726.962-42;Ramona Smurfitt;Nordeste;Smartphone Samsung;57;4611.7;262866.9;;;;;;;
09/11/2025;454.975.970-41;Avis Jerwood;Sudeste;Fone Ouvido Xiaomi;70;2392.64;167484.8;;;;;;;
29/09/2025;991.809.444-34;Clotilda Lammenga;Centro-Oeste;Geladeira Electrolux;29;4556.19;132129.51;;;;;;;
25/12/2024;260.441.446-58;Verla Linwood;Nordeste;Fogao Brastemp;31;899.84;27895.04;;;;;;;
25/04/2025;997.568.029-10;Lorine Niland;Sudeste;Tablet Positivo;5;4169.2;20846.0;;;;;;;
06/03/2024;679.119.074-47;Shena Leathe;Sul;Notebook Acer;57;2680.54;152790.78;;;;;;;
12/03/2024;110.041.957-88;Nance Swetmore;Norte;Notebook Acer;67;802.33;53756.11;;;;;;;
25/04/2025;807.515.045-72;Yorgo McGrirl;Sudeste;Agua Mineral Bonafont;32;1932.1;61827.2;;;;;;;
12/05/2025;243.944.601-74;Lion Amiable;Centro-Oeste;Refrigerante CocaCola;50;2434.84;121742.0;;;;;;;
21/07/2025;422.537.036-48;Roseann Knath;Nordeste;Geladeira Consul;72;3518.35;253321.2;;;;;;;
13/10/2024;697.341.926-71;Garrott Earnshaw;Sudeste;Ventilador Arno;29;2207.43;64015.47;;;;;;;
21/03/2024;043.047.356-75;Cheri Pagden;Centro-Oeste;TV TCL;62;4429.28;274615.36;;;;;;;
29/10/2024;616.086.141-74;Baryram Heine;Nordeste;Cerveja Skol;82;2673.48;219225.36;;;;;;;
19/12/2024;902.087.481-05;Winni Joskowicz;Centro-Oeste;Refrigerante Sprite;91;706.71;64310.61;;;;;;;
16/05/2025;518.457.720-32;Edan Mobley;Sul;Chocolate Lacta;70;3257.8;228046.0;;;;;;;
05/10/2024;311.969.439-82;Oralle Gemson;Centro-Oeste;Refrigerante Guarana Antarctica;73;4828.96;352514.08;;;;;;;
04/10/2024;213.809.608-43;Brook Bulger;Sudeste;Fone Ouvido Xiaomi;39;2020.91;78815.49;;;;;;;
01/09/2024;697.559.486-43;Seline Adam;Nordeste;Geladeira Brastemp;80;2012.13;160970.4;;;;;;;
30/06/2025;873.512.230-76;Lishe Dun;Nordeste;Fone Ouvido Xiaomi;58;1832.6;106290.8;;;;;;;
20/02/2024;579.629.020-78;Gardener Hakey;Norte;Geladeira Samsung;76;526.14;39986.64;;;;;;;
25/01/2025;511.959.830-77;Jazmin Garard;Nordeste;Smartphone Samsung;71;1074.08;76259.68;;;;;;;
16/02/2024;772.720.641-53;Millie Weben;Nordeste;Agua Mineral Schin;22;1904.81;41905.82;;;;;;;
13/10/2025;341.124.620-00;Boote Elloway;Centro-Oeste;Fogao Philco;90;2982.83;268454.7;;;;;;;
06/11/2024;404.071.859-33;Grazia Petran;Norte;Agua Mineral Indaia;94;2165.48;203555.12;;;;;;;
16/07/2024;661.380.223-94;Inness Scanes;Sudeste;Chocolate Lindt;95;1211.8;115121.0;;;;;;;
14/09/2025;518.361.976-08;Gill Parsisson;Sudeste;Ar Condicionado LG;12;4388.29;52659.48;;;;;;;
14/11/2025;543.453.757-20;Shayla Waterland;Nordeste;Ar Condicionado Gree;90;1298.77;116889.3;;;;;;;
05/03/2024;422.537.036-48;Dominique Newham;Norte;Cerveja Antarctica;49;3469.07;169984.43;;;;;;;
28/03/2024;199.459.799-22;Mickie Sturdey;Norte;Smartphone Motorola;45;2845.94;128067.3;;;;;;;
26/08/2025;746.712.408-23;Galvin Watman;Nordeste;TV Sony;100;3080.24;308024.0;;;;;;;
03/07/2024;000.726.572-78;Bekki Bayley;Norte;Ar Condicionado Samsung;70;1132.96;79307.2;;;;;;;
23/01/2024;404.008.086-68;Susanetta Blaszczak;Sul;Ar Condicionado Samsung;11;682.01;7502.11;;;;;;;
08/12/2025;815.741.604-35;Gusella Pollock;Sul;Agua Mineral Indaia;69;870.1;60036.9;;;;;;;
28/02/2025;915.392.320-00;Annabelle Moreinu;Sudeste;Notebook Asus;72;4231.05;304635.6;;;;;;;
28/11/2025;793.630.233-62;Penny Belone;Sudeste;Maquina Lavar LG;17;3050.7;51861.9;;;;;;;
13/05/2024;562.830.115-94;Daren Bandiera;Centro-Oeste;Tablet Positivo;40;2923.89;116955.6;;;;;;;
11/04/2024;562.457.078-38;Aubine MacConnechie;Sudeste;Ventilador Philco;83;1279.77;106220.91;;;;;;;
09/04/2025;774.504.762-58;Randa Harman;Sudeste;Ventilador Arno;47;4804.94;225832.18;;;;;;;
10/07/2025;041.582.255-66;Herman Elcock;Norte;Agua Mineral Minalba;96;516.62;49595.52;;;;;;;
11/03/2025;232.325.068-01;Ed Argabrite;Sudeste;Geladeira Samsung;84;3641.39;305876.76;;;;;;;
07/08/2025;600.135.028-08;Rozina Turone;Norte;Fone Ouvido JBL;10;853.01;8530.1;;;;;;;
07/02/2024;560.457.870-30;Coriss Ewbanks;Nordeste;Ventilador Britania;98;3596.84;352490.32;;;;;;;
28/08/2025;161.070.248-40;Roanna Latey;Norte;Notebook HP;51;4750.97;242299.47;;;;;;;
14/09/2025;993.842.329-98;Zacharia Ledster;Sudeste;Smartphone LG;54;3072.4;165909.6;;;;;;;
06/11/2024;823.998.520-36;Camila Fitzroy;Sudeste;Fogao Consul;96;1985.36;190594.56;;;;;;;
13/03/2025;268.913.259-19;Ceciley Meadowcroft;Nordeste;Smartphone LG;35;4737.39;165808.65;;;;;;;
25/10/2024;718.882.581-52;Alon Coleyshaw;Sul;Fone Ouvido Sony;13;2889.88;37568.44;;;;;;;
02/06/2024;384.975.490-15;Nedi Murison;Centro-Oeste;Notebook Acer;19;2043.8;38832.2;;;;;;;
01/10/2024;644.779.686-63;Aubrey Squibbs;Sudeste;Fogao Midea;5;3044.76;15223.8;;;;;;;
06/12/2024;769.774.761-84;Leta Rathe;Centro-Oeste;Tablet Positivo;69;1846.71;127422.99;;;;;;;
17/05/2024;787.698.787-73;Tabby Buntin;Norte;TV TCL;40;3761.56;150462.4;;;;;;;
02/10/2025;163.058.358-88;Arlana Lode;Nordeste;TV TCL;53;4419.8;234249.4;;;;;;;
19/01/2025;564.139.395-91;Bernadene Manchett;Sudeste;Smartphone Motorola;95;3343.27;317610.65;;;;;;;
09/07/2024;881.332.296-85;Riva Gregore;Sul;Ventilador Mondial;8;4075.34;32602.72;;;;;;;
09/03/2025;311.969.439-82;Joline Ferraraccio;Sul;Fogao Philco;79;2377.24;187801.96;;;;;;;
23/10/2024;175.783.044-88;Nolan Jeannet;Sul;Smartphone Samsung;4;1848.48;7393.92;;;;;;;
28/07/2025;329.813.541-08;Felecia Cleen;Nordeste;Agua Mineral Minalba;57;1258.91;71757.87;;;;;;;
20/04/2025;041.875.917-02;Hetty Brenneke;Centro-Oeste;Ar Condicionado LG;74;2504.38;185324.12;;;;;;;
27/01/2024;951.522.010-62;Rosalia Jedrzejczak;Norte;Ventilador Mueller;58;3851.32;223376.56;;;;;;;
14/10/2025;513.530.153-43;Cally Sellner;Nordeste;Agua Mineral Crystal;73;2223.73;162332.29;;;;;;;
21/12/2025;631.094.684-68;Cloe McEniry;Nordeste;Cerveja Brahma;12;2236.67;26840.04;;;;;;;
13/09/2025;606.841.194-04;Arlyne Londsdale;Centro-Oeste;Agua Mineral Schin;45;2944.72;132512.4;;;;;;;
23/09/2024;631.094.684-68;Roosevelt Bedborough;Sudeste;Agua Mineral Schin;36;3676.78;132364.08;;;;;;;
10/10/2024;316.988.292-99;Leelah Tommen;Centro-Oeste;Ventilador Philco;4;742.53;2970.12;;;;;;;
20/11/2024;648.174.384-28;Agnes Wilman;Sul;Agua Mineral Schin;90;4246.17;382155.3;;;;;;;
15/05/2025;520.501.338-98;Oberon Chevis;Norte;Geladeira Consul;11;1632.73;17960.03;;;;;;;
14/12/2024;304.302.027-84;Opaline Kitchener;Nordeste;Fone Ouvido Xiaomi;18;4307.91;77542.38;;;;;;;
29/06/2024;043.426.818-62;Meryl Dwire;Sul;Ar Condicionado Gree;42;3991.08;167625.36;;;;;;;
09/06/2024;047.732.554-80;Iosep Jefferson;Norte;Fogao Consul;79;4816.29;380486.91;;;;;;;
26/07/2025;862.457.194-45;Annelise Semiras;Nordeste;Fone Ouvido Sony;97;4479.61;434522.17;;;;;;;
25/04/2024;574.982.175-70;Debera Reddyhoff;Nordeste;Ar Condicionado Gree;20;2385.22;47704.4;;;;;;;
17/11/2024;985.529.387-82;Winnie Ibbs;Centro-Oeste;Ventilador Arno;18;2038.01;36684.18;;;;;;;
07/01/2024;043.586.536-69;Stefania Jebb;Sul;Maquina Lavar Samsung;88;1161.9;102247.2;;;;;;;
02/09/2024;650.697.752-35;Janean Yarn;Centro-Oeste;Tablet Multilaser;1;1398.43;1398.43;;;;;;;
28/06/2025;040.792.122-24;Hersh Channon;Sul;Notebook Lenovo;3;3358.05;10074.15;;;;;;;
21/03/2024;170.143.501-29;Celene Sneyd;Sudeste;Fone Ouvido Multilaser;27;4491.88;121280.76;;;;;;;
15/10/2024;221.756.795-00;Devonne Mayers;Nordeste;Refrigerante CocaCola;60;3884.72;233083.2;;;;;;;
16/01/2025;309.363.040-14;Marabel Skill;Centro-Oeste;Ventilador Britania;15;3806.07;57091.05;;;;;;;
09/07/2024;661.732.422-65;Carley Tunsley;Norte;Geladeira Consul;16;4147.4;66358.4;;;;;;;
02/08/2024;846.387.206-92;Etta Beange;Sul;TV TCL;52;1896.3;98607.6;;;;;;;
29/09/2025;620.517.188-06;Curry Barendtsen;Sudeste;Ar Condicionado Gree;47;3146.18;147870.46;;;;;;;
12/09/2025;126.215.504-52;Drew Bicknell;Sudeste;Refrigerante Guarana Antarctica;62;1239.46;76846.52;;;;;;;
06/10/2025;017.979.127-39;Hugo Carreyette;Norte;Notebook Lenovo;58;4570.56;265092.48;;;;;;;
21/03/2024;718.882.581-52;Wesley Ansty;Centro-Oeste;Refrigerante Sprite;58;2030.55;117771.9;;;;;;;
26/06/2024;981.775.778-16;Faye Larwell;Centro-Oeste;Refrigerante CocaCola;93;4685.67;435767.31;;;;;;;
08/09/2025;609.565.258-81;Jacobo Brosenius;Centro-Oeste;Fone Ouvido Xiaomi;22;1716.37;37760.14;;;;;;;
30/10/2025;528.804.286-10;Ingunna Clevely;Nordeste;TV Samsung;24;3040.78;72978.72;;;;;;;
08/09/2024;744.415.584-49;Mair Esch;Norte;Geladeira Samsung;29;2204.32;63925.28;;;;;;;
14/07/2025;702.707.796-55;Charlean Perutto;Norte;Chocolate Lindt;74;2312.23;171105.02;;;;;;;
26/04/2024;539.691.451-39;Halli Hartill;Norte;Fogao Midea;91;2967.01;269997.91;;;;;;;
30/10/2024;905.995.783-00;Helaina Aloshechkin;Nordeste;Ventilador Arno;65;2093.36;136068.4;;;;;;;
27/05/2025;799.795.329-98;Charin Olenikov;Sudeste;Chocolate Nestle;75;3625.45;271908.75;;;;;;;
16/01/2025;469.844.727-50;Nate Cranke;Sul;Notebook Lenovo;19;2729.08;51852.52;;;;;;;
09/01/2024;816.520.624-91;Ezekiel Keighly;Sudeste;Notebook Dell;6;924.27;5545.62;;;;;;;
12/04/2025;155.983.808-62;Burty Durrad;Norte;Geladeira Samsung;47;1916.42;90071.74;;;;;;;
03/01/2024;849.654.678-09;Carol-jean Gecks;Norte;Tablet Apple;90;4766.94;429024.6;;;;;;;
13/02/2024;168.178.848-96;Patience Lyosik;Norte;Refrigerante Fanta;82;4293.36;352055.52;;;;;;;
09/07/2025;657.306.727-48;Mattheus Haskew;Sul;Ventilador Philco;36;3444.4;123998.4;;;;;;;
05/02/2024;514.741.758-30;Ham Scargill;Nordeste;Fogao Consul;3;2271.03;6813.09;;;;;;;
17/01/2024;187.989.757-14;Ange Garrique;Centro-Oeste;TV Samsung;9;1052.07;9468.63;;;;;;;
30/10/2024;601.136.279-63;Sheela Works;Norte;Tablet Samsung;34;728.39;24765.26;;;;;;;
20/08/2024;136.613.128-20;Bobby Malt;Sul;Fone Ouvido Sony;61;704.41;42969.01;;;;;;;
24/07/2024;588.380.998-71;Cathlene Cowherd;Norte;Fone Ouvido Multilaser;72;2747.41;197813.52;;;;;;;
23/08/2025;190.680.137-18;Cass Staining;Centro-Oeste;Cerveja Stella Artois;38;4780.97;181676.86;;;;;;;
05/07/2024;745.715.288-17;Merrie Redsell;Norte;Ventilador Philco;19;3907.4;74240.6;;;;;;;
26/04/2025;928.953.319-60;Stephi Cluitt;Nordeste;Chocolate Garoto;4;4468.79;17875.16;;;;;;;
03/11/2024;648.174.384-28;Nicolette Greatex;Sudeste;Tablet Multilaser;50;4143.99;207199.5;;;;;;;
16/09/2025;717.628.070-33;Winni Hiscocks;Nordeste;Chocolate Lacta;44;4443.21;195501.24;;;;;;;
27/04/2025;876.368.263-05;Nettie Boffey;Centro-Oeste;Ar Condicionado Gree;22;3055.03;67210.66;;;;;;;
06/04/2024;849.654.678-09;Rooney Ca;Nordeste;Fone Ouvido Sony;87;2850.28;247974.36;;;;;;;
20/02/2025;986.255.251-48;Eran Mingardo;Nordeste;Fogao Philco;71;3391.33;240784.43;;;;;;;
23/04/2024;340.047.889-00;Locke Le Grand;Centro-Oeste;Ar Condicionado Samsung;30;725.05;21751.5;;;;;;;
18/05/2025;779.720.108-03;Dorolisa Treadaway;Sul;Fogao Consul;1;4201.03;4201.03;;;;;;;
01/12/2025;049.875.928-86;Lauree Deary;Norte;Fone Ouvido JBL;60;4455.1;267306.0;;;;;;;
25/09/2025;252.036.777-60;Ulises Blankman;Norte;Tablet Multilaser;68;3557.67;241921.56;;;;;;;
16/05/2024;634.942.139-68;Deeyn Barrington;Nordeste;Agua Mineral Indaia;97;2251.28;218374.16;;;;;;;
04/05/2024;981.139.121-18;Elisabetta Northey;Sudeste;Agua Mineral Minalba;79;4998.53;394883.87;;;;;;;
21/08/2025;166.807.100-22;Stephi Stobbie;Norte;Maquina Lavar LG;65;4087.84;265709.6;;;;;;;
09/05/2024;815.741.604-35;Nelli McCarthy;Norte;Smartphone LG;16;3422.26;54756.16;;;;;;;
22/06/2025;039.115.253-03;Adan Serjeantson;Sul;Cerveja Heineken;5;4705.1;23525.5;;;;;;;
03/02/2024;164.316.282-92;Marilyn Kee;Norte;TV TCL;52;4080.57;212189.64;;;;;;;
28/10/2024;447.205.594-50;Hunter Meaton;Nordeste;Ventilador Arno;18;4706.71;84720.78;;;;;;;
30/09/2024;014.068.382-84;Morgan Castanyer;Sudeste;Geladeira Consul;29;2486.91;72120.39;;;;;;;
02/12/2024;158.968.280-71;Kiley Rochell;Sudeste;Agua Mineral Schin;62;3885.33;240890.46;;;;;;;
21/07/2024;304.489.343-70;Iorgo Teague;Centro-Oeste;Cerveja Stella Artois;66;1774.99;117149.34;;;;;;;
17/11/2024;103.382.578-61;Cecile Takle;Centro-Oeste;Tablet Positivo;29;2386.23;69200.67;;;;;;;
11/08/2024;498.765.847-07;Lauri Sillis;Sudeste;Fogao Philco;4;4007.67;16030.68;;;;;;;
02/06/2024;135.249.527-98;Worth Brislawn;Nordeste;Ventilador Mueller;93;4706.04;437661.72;;;;;;;
30/10/2024;737.063.863-48;Caty Murford;Sudeste;Tablet Apple;69;3695.94;255019.86;;;;;;;
17/10/2024;562.830.115-94;Brooks Lennox;Nordeste;TV TCL;31;2370.84;73496.04;;;;;;;
19/04/2024;333.671.063-48;Doralin Najafian;Sul;Agua Mineral Minalba;38;2630.13;99944.94;;;;;;;
12/01/2024;118.664.264-51;Danell Storcke;Centro-Oeste;TV Sony;78;4773.05;372297.9;;;;;;;
19/02/2025;538.290.319-04;Calhoun Dutnell;Sudeste;Geladeira Brastemp;5;3153.12;15765.6;;;;;;;
13/04/2024;520.693.284-14;Allix MacCathay;Norte;TV Samsung;37;3925.15;145230.55;;;;;;;
05/02/2024;924.554.455-93;Urson Castellone;Centro-Oeste;Chocolate Garoto;11;4933.13;54264.43;;;;;;;
12/11/2025;148.717.421-72;Charla Philimore;Norte;Cerveja Heineken;19;2857.78;54297.82;;;;;;;
21/10/2024;123.198.362-09;Sabine Bitten;Norte;Geladeira LG;47;3397.64;159689.08;;;;;;;
29/09/2024;400.987.056-79;Alena Kramer;Nordeste;Fogao Brastemp;81;3505.59;283952.79;;;;;;;
13/05/2024;105.246.162-05;Patricio Coster;Norte;Agua Mineral Minalba;4;4684.32;18737.28;;;;;;;
28/07/2025;733.111.822-60;Marna Phettiplace;Sul;Fogao Brastemp;40;3752.55;150102.0;;;;;;;
17/09/2024;331.675.806-23;Emmie Dutt;Norte;Chocolate Lindt;65;4180.06;271703.9;;;;;;;
23/04/2025;467.659.258-21;Hermon Anmore;Sudeste;Tablet Samsung;25;4555.43;113885.75;;;;;;;
04/06/2025;492.433.863-01;Yulma Darkott;Nordeste;Refrigerante Pepsi;91;851.63;77498.33;;;;;;;
04/05/2025;992.435.295-52;Chadwick Clifton;Nordeste;Smartphone LG;13;3597.11;46762.43;;;;;;;
12/08/2024;829.665.475-02;Florette Hoodless;Sul;TV Samsung;86;3357.43;288738.98;;;;;;;
30/11/2025;002.102.517-78;Ree Jans;Centro-Oeste;Agua Mineral Bonafont;2;2965.87;5931.74;;;;;;;
19/08/2024;885.969.517-17;Madella Schoolcroft;Nordeste;Maquina Lavar Samsung;61;3622.27;220958.47;;;;;;;
20/12/2025;102.071.141-88;Korrie Arnall;Nordeste;Fogao Midea;47;4789.84;225122.48;;;;;;;
21/04/2024;561.217.111-08;Jeffry Talby;Sudeste;Geladeira Brastemp;53;4092.39;216896.67;;;;;;;
16/02/2025;385.029.769-15;Ivar Kinsell;Sul;Fogao Electrolux;13;3117.61;40528.93;;;;;;;
20/01/2024;801.520.650-24;Cathryn Hagland;Centro-Oeste;Tablet Apple;32;623.05;19937.6;;;;;;;
06/12/2024;580.394.479-33;Halley Winslow;Sul;Cerveja Heineken;79;2731.06;215753.74;;;;;;;
11/08/2025;554.198.337-19;Agnes Fletcher;Sudeste;Geladeira Brastemp;96;4924.99;472799.04;;;;;;;
16/12/2025;469.318.755-07;Culver Castillo;Sudeste;Smartphone LG;71;3203.0;227413.0;;;;;;;
25/05/2025;859.351.062-05;Danella De la Yglesias;Norte;Cerveja Stella Artois;72;923.14;66466.08;;;;;;;
12/01/2024;235.277.713-52;Georgeanne Durtnall;Norte;Tablet Apple;6;4974.24;29845.44;;;;;;;
25/07/2024;017.001.871-71;Parke Bonafacino;Sul;Agua Mineral Crystal;24;3472.72;83345.28;;;;;;;
03/10/2025;049.875.928-86;Ceil Bloxland;Nordeste;Cerveja Brahma;34;2831.08;96256.72;;;;;;;
02/02/2025;119.183.437-99;Erin Morrad;Norte;Chocolate Garoto;6;770.26;4621.56;;;;;;;
16/10/2024;682.755.243-85;Chrissy Ashard;Norte;TV Samsung;65;719.24;46750.6;;;;;;;
17/10/2024;923.205.711-59;Alidia Harriss;Sul;Fone Ouvido JBL;82;3537.95;290111.9;;;;;;;
09/06/2024;806.880.133-25;Erinna Kneale;Nordeste;Ventilador Arno;16;2778.24;44451.84;;;;;;;
07/08/2025;051.618.952-25;Donaugh Ratie;Norte;Cerveja Brahma;71;1810.84;128569.64;;;;;;;
13/06/2024;120.846.217-20;Taylor Fritz;Centro-Oeste;Agua Mineral Minalba;5;2855.78;14278.9;;;;;;;
14/04/2024;118.664.264-51;Pincas Hellard;Sul;Ventilador Philco;41;3868.5;158608.5;;;;;;;
29/05/2025;927.932.253-20;Lia Olman;Sudeste;Tablet Apple;35;2916.19;102066.65;;;;;;;
24/10/2025;997.568.029-10;Kendall Kerwin;Norte;Agua Mineral Schin;24;1942.55;46621.2;;;;;;;
12/07/2024;594.046.655-92;Devina Bouller;Nordeste;Ar Condicionado Consul;17;3689.41;62719.97;;;;;;;
12/09/2024;695.701.815-67;Kelsey Baudasso;Sudeste;Smartphone Samsung;65;3021.25;196381.25;;;;;;;
22/11/2024;304.489.343-70;Ossie Galloway;Nordeste;Ar Condicionado Springer;43;4694.97;201883.71;;;;;;;
22/10/2024;185.570.880-94;Phineas Laise;Nordeste;Smartphone Motorola;75;1279.02;95926.5;;;;;;;
15/08/2025;569.417.036-95;Erin Trent;Norte;Ar Condicionado Samsung;19;3100.93;58917.67;;;;;;;
17/12/2025;127.485.473-30;Alyosha Boorer;Centro-Oeste;Smartphone Xiaomi;68;2799.52;190367.36;;;;;;;
02/10/2024;532.330.987-31;Irwin Longmore;Centro-Oeste;Ar Condicionado LG;80;1228.34;98267.2;;;;;;;
18/05/2024;187.491.374-92;Sibbie Linck;Nordeste;Maquina Lavar Brastemp;1;4502.7;4502.7;;;;;;;
10/12/2025;304.489.343-70;Lorry Iorns;Nordeste;Refrigerante Guarana Antarctica;46;1311.32;60320.72;;;;;;;
05/01/2024;492.433.863-01;Paolina Gooda;Centro-Oeste;Cerveja Stella Artois;79;701.06;55383.74;;;;;;;
22/04/2024;898.518.405-99;Milly Mersh;Sudeste;Fogao Electrolux;45;776.22;34929.9;;;;;;;
14/09/2025;905.947.625-53;Melisande Jiggens;Sul;Refrigerante Fanta;28;4620.71;129379.88;;;;;;;
20/07/2024;626.552.455-04;Anthiathia Laffin;Sudeste;Refrigerante CocaCola;58;1595.05;92512.9;;;;;;;
06/05/2025;979.665.402-43;Bernarr Goose;Centro-Oeste;Smartphone Samsung;26;4660.34;121168.84;;;;;;;
05/08/2025;122.930.691-92;Reyna Piffe;Sudeste;Refrigerante Guarana Antarctica;89;3334.72;296790.08;;;;;;;
31/10/2025;744.415.584-49;Jeramey Fullilove;Sul;Maquina Lavar Brastemp;90;2505.8;225522.0;;;;;;;
03/01/2025;905.947.625-53;Carmel Lough;Sudeste;Smartphone Motorola;17;2757.74;46881.58;;;;;;;
11/11/2025;705.562.061-93;Thekla Wharlton;Centro-Oeste;Ventilador Mueller;20;1918.02;38360.4;;;;;;;
23/05/2024;648.174.384-28;Mercedes Dewing;Nordeste;Smartphone Xiaomi;91;2207.07;200843.37;;;;;;;
25/05/2024;873.512.230-76;Janey Grinaugh;Nordeste;Notebook HP;79;2382.73;188235.67;;;;;;;
23/12/2025;064.570.058-45;Edi Storrock;Nordeste;Refrigerante Fanta;45;1435.86;64613.7;;;;;;;
25/11/2024;962.702.196-20;Elspeth Micka;Sul;Fogao Midea;96;635.87;61043.52;;;;;;;
09/07/2024;932.504.689-08;Tabina Kornyakov;Nordeste;Ar Condicionado Springer;77;1650.59;127095.43;;;;;;;
12/07/2024;291.537.496-18;Annmaria Deniset;Sudeste;Cerveja Skol;86;1498.5;128871.0;;;;;;;
13/01/2024;374.378.084-47;Trista Bourdas;Sul;Agua Mineral Crystal;32;3749.45;119982.4;;;;;;;
07/02/2024;697.341.926-71;Hamlin Theobalds;Nordeste;Smartphone LG;22;3668.45;80705.9;;;;;;;
02/01/2024;765.060.163-37;Lindy Dethloff;Sudeste;Ventilador Philco;59;2094.08;123550.72;;;;;;;
04/08/2024;969.114.187-63;Mufinella Wickman;Norte;Cerveja Skol;75;2116.95;158771.25;;;;;;;
26/04/2025;211.263.908-01;Linoel Strowger;Norte;TV TCL;61;968.92;59104.12;;;;;;;
09/11/2024;717.628.070-33;Danni Prozescky;Norte;Ventilador Britania;19;2599.3;49386.7;;;;;;;
27/10/2024;260.441.446-58;Kaleena Lazare;Sudeste;Tablet Samsung;89;3242.55;288586.95;;;;;;;
08/08/2024;825.890.314-40;Sande Betterton;Norte;Geladeira Samsung;85;3846.29;326934.65;;;;;;;
14/01/2024;275.362.034-20;Becky Lingner;Norte;Smartphone Xiaomi;29;1230.66;35689.14;;;;;;;
23/06/2025;643.551.846-76;Sheeree Drury;Sudeste;Cerveja Skol;64;4863.14;311240.96;;;;;;;
29/12/2024;794.303.347-78;Catarina Ibotson;Sul;Fogao Brastemp;45;4215.78;189710.1;;;;;;;
21/06/2025;762.324.502-30;Lanie Howbrook;Nordeste;Cerveja Skol;88;3768.7;331645.6;;;;;;;
05/10/2025;649.950.326-65;Osborne Usmar;Centro-Oeste;Refrigerante Fanta;46;1873.76;86192.96;;;;;;;
19/06/2025;126.791.125-55;Aluin Grand;Sul;Chocolate Hersheys;85;3569.58;303414.3;;;;;;;
01/11/2024;987.767.386-04;Janela Dunge;Sul;TV Samsung;12;4236.36;50836.32;;;;;;;
20/01/2024;815.139.590-77;Shannan Kehir;Norte;Maquina Lavar LG;80;3044.76;243580.8;;;;;;;
05/12/2025;035.819.150-57;Lillis Tidder;Nordeste;Refrigerante Guarana Antarctica;47;4012.93;188607.71;;;;;;;
16/01/2025;221.756.795-00;Kittie McIlvaney;Nordeste;Agua Mineral Schin;35;3740.49;130917.15;;;;;;;
09/08/2024;828.979.042-24;Huey Chiles;Centro-Oeste;Agua Mineral Indaia;100;4104.35;410435.0;;;;;;;
07/09/2025;050.896.075-40;Doretta Ronchetti;Norte;Ar Condicionado Springer;30;4608.83;138264.9;;;;;;;
19/05/2025;955.116.225-08;Kelley Agate;Nordeste;Cerveja Antarctica;17;4400.58;74809.86;;;;;;;
04/02/2024;597.391.967-64;Derward Robez;Norte;Ventilador Mondial;10;3639.47;36394.7;;;;;;;
19/11/2025;774.504.762-58;Van Nuscha;Sudeste;Notebook Lenovo;84;2050.36;172230.24;;;;;;;
22/02/2024;314.314.895-06;Darrell Bettam;Nordeste;Cerveja Skol;22;1108.19;24380.18;;;;;;;
18/06/2024;110.707.841-50;Shaine Monckman;Norte;TV Sony;73;667.53;48729.69;;;;;;;
31/12/2024;027.996.537-07;Glyn Alesio;Centro-Oeste;Maquina Lavar Consul;31;4101.1;127134.1;;;;;;;
25/09/2024;746.616.173-12;Charis Darington;Centro-Oeste;TV Sony;8;4631.87;37054.96;;;;;;;
10/12/2025;049.841.151-65;Mendel Melliard;Sul;Chocolate Lindt;11;1501.64;16518.04;;;;;;;
09/05/2024;564.139.395-91;Red Mathe;Centro-Oeste;Ar Condicionado Gree;33;1779.32;58717.56;;;;;;;
16/09/2024;511.074.699-02;Gonzales Foli;Norte;Smartphone Apple;50;1659.07;82953.5;;;;;;;
01/10/2024;383.416.561-16;Ula Dunne;Centro-Oeste;Cerveja Skol;55;4758.7;261728.5;;;;;;;
21/01/2025;316.988.292-99;Eddi Ricards;Norte;Fone Ouvido Sony;89;1027.86;91479.54;;;;;;;
03/06/2024;380.417.705-09;Dev Mathou;Nordeste;Smartphone Apple;32;2594.86;83035.52;;;;;;;
24/01/2025;597.611.640-04;Demetrius Brower;Sudeste;Ar Condicionado Consul;1;2996.65;2996.65;;;;;;;
28/09/2024;874.911.035-70;Karyl Turk;Nordeste;Notebook Dell;40;917.33;36693.2;;;;;;;
02/12/2025;747.673.785-75;Arlette Shapland;Nordeste;Fone Ouvido Sony;4;2331.28;9325.12;;;;;;;
16/12/2024;990.893.606-97;Tedd Shank;Norte;Fone Ouvido Philips;3;3147.47;9442.41;;;;;;;
14/02/2024;823.998.520-36;Cacilie Roscam;Norte;Geladeira Consul;85;2113.19;179621.15;;;;;;;
04/04/2025;880.256.560-04;Tarah Wetheril;Centro-Oeste;Notebook Asus;74;3343.43;247413.82;;;;;;;
23/03/2024;467.968.172-14;Anton Hatch;Nordeste;Fogao Brastemp;75;1391.19;104339.25;;;;;;;
18/12/2024;478.851.825-25;Andriette Bernath;Sudeste;Chocolate Hersheys;83;2999.26;248938.58;;;;;;;
14/11/2024;794.806.319-62;Corette Coetzee;Sul;Chocolate Nestle;54;663.69;35839.26;;;;;;;
29/08/2024;992.435.295-52;Belia Drackford;Norte;Chocolate Lacta;40;1698.91;67956.4;;;;;;;
31/10/2025;914.561.591-86;Fayre Lesly;Norte;Ventilador Britania;7;4402.07;30814.49;;;;;;;
11/02/2025;800.685.035-63;Elliot Lineker;Sudeste;Ar Condicionado LG;100;2972.05;297205.0;;;;;;;
18/09/2024;259.165.049-77;Sayer Skermer;Sul;TV TCL;72;1434.99;103319.28;;;;;;;
01/05/2025;141.053.698-06;Kaylyn Casazza;Sudeste;Chocolate Lindt;79;1294.96;102301.84;;;;;;;
18/07/2024;350.435.311-26;Heidi Muspratt;Centro-Oeste;Fogao Electrolux;48;2805.53;134665.44;;;;;;;
13/03/2025;150.436.840-11;Ronni Banks;Norte;Ar Condicionado Springer;15;1467.87;22018.05;;;;;;;
22/02/2025;975.842.911-63;Caleb Leadley;Sudeste;Notebook Acer;12;1113.98;13367.76;;;;;;;
23/03/2024;039.623.738-02;Town Durtnel;Centro-Oeste;Fone Ouvido JBL;14;3198.91;44784.74;;;;;;;
13/07/2025;123.198.362-09;Katrinka McKendo;Nordeste;Smartphone Xiaomi;85;3119.9;265191.5;;;;;;;
10/10/2024;716.727.284-10;Matilde Blizard;Sudeste;Ar Condicionado Consul;74;3467.54;256597.96;;;;;;;
02/11/2024;039.623.738-02;Manolo Gierardi;Sul;Ar Condicionado Gree;71;1535.33;109008.43;;;;;;;
18/09/2025;113.738.622-38;Olympia Iacopo;Norte;Refrigerante Sprite;13;2424.92;31523.96;;;;;;;
07/06/2024;410.254.144-62;Freemon Herety;Sul;Ar Condicionado LG;38;4099.73;155789.74;;;;;;;
29/06/2024;562.564.857-34;Hugues de Grey;Centro-Oeste;Ventilador Mueller;7;1648.37;11538.59;;;;;;;
24/08/2025;299.972.945-64;Corbin Rubens;Norte;Tablet Apple;37;1312.25;48553.25;;;;;;;
26/09/2025;616.086.141-74;Kiley Quilter;Sul;Notebook HP;64;2172.82;139060.48;;;;;;;
09/07/2024;768.885.253-68;Raviv Acland;Centro-Oeste;Fone Ouvido Multilaser;71;4506.54;319964.34;;;;;;;
18/01/2024;802.116.073-04;Rubetta Brambell;Sul;Refrigerante Sprite;35;1157.94;40527.9;;;;;;;
19/06/2025;446.561.438-12;Dimitri Croxall;Sudeste;Chocolate Lacta;16;2000.79;32012.64;;;;;;;
02/12/2024;446.651.165-98;Gradey Hankinson;Norte;Chocolate Hersheys;52;2498.57;129925.64;;;;;;;
12/06/2025;684.286.562-07;Gilberta Funcheon;Centro-Oeste;Smartphone Apple;9;3705.74;33351.66;;;;;;;
20/10/2025;729.092.391-01;Minerva Ashwin;Centro-Oeste;Chocolate Nestle;72;2127.55;153183.6;;;;;;;
24/05/2025;332.584.255-07;Glynn Beagley;Centro-Oeste;Smartphone Apple;1;1610.93;1610.93;;;;;;;
26/11/2025;573.001.972-64;Adrianna Vawton;Norte;Fogao Consul;99;1129.08;111778.92;;;;;;;
20/07/2024;449.431.030-14;Davon Langmead;Sul;Tablet Positivo;68;4403.28;299423.04;;;;;;;
17/09/2024;524.597.889-08;Celia Kettell;Sudeste;Smartphone LG;70;3854.52;269816.4;;;;;;;
10/01/2024;802.116.073-04;Charline Dorney;Sul;Ar Condicionado Gree;80;1393.11;111448.8;;;;;;;
13/12/2024;964.268.727-50;Dniren Sterrie;Nordeste;Ar Condicionado Samsung;82;628.32;51522.24;;;;;;;
01/11/2024;932.770.250-63;Yvette Athow;Centro-Oeste;Notebook Lenovo;24;2930.87;70340.88;;;;;;;
13/03/2025;774.504.762-58;Hope Ainscough;Sudeste;Geladeira Samsung;19;2407.66;45745.54;;;;;;;
16/12/2025;798.556.641-40;Cesar Serck;Centro-Oeste;Refrigerante Pepsi;91;3305.58;300807.78;;;;;;;
05/03/2024;555.476.914-45;Deeanne Rangell;Norte;Fone Ouvido Philips;88;3854.62;339206.56;;;;;;;
17/05/2024;417.444.103-05;Julee Foucher;Sudeste;Cerveja Antarctica;45;2061.17;92752.65;;;;;;;
06/05/2025;152.644.550-66;Junia Brigshaw;Norte;Fogao Brastemp;76;2762.84;209975.84;;;;;;;
20/11/2024;362.363.988-52;Hynda McKernon;Sul;Fone Ouvido Philips;55;1036.12;56986.6;;;;;;;
17/01/2024;770.703.464-33;Mabelle Way;Norte;TV TCL;21;1765.87;37083.27;;;;;;;
06/10/2025;557.870.891-97;Dominga Gores;Norte;Fone Ouvido Multilaser;30;4223.22;126696.6;;;;;;;
01/05/2024;733.028.543-90;Bondie Saddler;Sudeste;Ar Condicionado Consul;7;4891.5;34240.5;;;;;;;
14/08/2025;970.310.543-20;Allx Brindle;Nordeste;Fogao Philco;90;4533.83;408044.7;;;;;;;
16/09/2024;661.380.223-94;Gilberta Rea;Nordeste;Refrigerante Fanta;18;4813.79;86648.22;;;;;;;
25/07/2025;657.306.727-48;Arte Belvard;Norte;Ar Condicionado LG;69;1381.03;95291.07;;;;;;;
25/02/2025;213.809.608-43;Corny Nel;Centro-Oeste;Ventilador Britania;8;2727.72;21821.76;;;;;;;
04/09/2024;874.665.244-27;Myra Stillman;Sudeste;Ar Condicionado Samsung;87;2789.45;242682.15;;;;;;;
13/12/2025;168.795.109-81;Bernardina Bathoe;Sudeste;Fone Ouvido Philips;32;3003.65;96116.8;;;;;;;
24/05/2025;616.732.104-30;Karee Figgins;Sul;Chocolate Lindt;30;3431.62;102948.6;;;;;;;
26/07/2025;518.254.496-00;Son Swanne;Sul;Smartphone Motorola;5;4735.47;23677.35;;;;;;;
01/03/2025;382.024.531-60;Errol Blankhorn;Sudeste;TV Sony;62;1340.81;83130.22;;;;;;;
11/08/2025;740.781.577-18;Carin Pavel;Centro-Oeste;Refrigerante CocaCola;16;807.72;12923.52;;;;;;;
17/10/2025;424.742.699-08;Garvy Woodbridge;Norte;TV LG;57;840.73;47921.61;;;;;;;
16/12/2024;135.249.527-98;Loren Tolussi;Nordeste;Ar Condicionado Gree;24;2692.07;64609.68;;;;;;;
16/01/2024;355.604.758-66;Norris Deny;Sul;Geladeira Samsung;84;2113.72;177552.48;;;;;;;
06/06/2024;598.333.566-99;Tabby Arnason;Sul;Agua Mineral Minalba;57;581.39;33139.23;;;;;;;
03/10/2025;370.184.633-27;Shari Rickis;Nordeste;TV LG;34;4916.77;167170.18;;;;;;;
30/08/2025;003.674.218-01;Algernon Castellani;Norte;Fone Ouvido Xiaomi;46;3104.66;142814.36;;;;;;;
02/03/2025;164.172.979-18;Melisa Rutigliano;Sudeste;TV Sony;39;2955.54;115266.06;;;;;;;
13/10/2025;902.685.390-49;Alix Stubbert;Nordeste;Maquina Lavar Consul;3;2738.91;8216.73;;;;;;;
09/08/2024;056.084.580-44;Langston Risley;Nordeste;Cerveja Stella Artois;27;3028.09;81758.43;;;;;;;
08/10/2024;682.755.243-85;Clay Bravey;Centro-Oeste;Ar Condicionado Samsung;35;3309.39;115828.65;;;;;;;
08/07/2024;175.783.044-88;Hagan MacNamee;Sudeste;Agua Mineral Indaia;45;730.3;32863.5;;;;;;;
21/10/2024;560.457.870-30;Lidia Castelluzzi;Centro-Oeste;TV Sony;86;3985.42;342746.12;;;;;;;
08/04/2025;765.060.163-37;Glennis Mulrooney;Sudeste;Geladeira Consul;55;4417.81;242979.55;;;;;;;
13/03/2025;481.115.057-01;Diahann Emms;Nordeste;Smartphone Samsung;44;3112.73;136960.12;;;;;;;
14/07/2024;233.276.988-99;Johna Matsell;Nordeste;Notebook Acer;53;3340.23;177032.19;;;;;;;
06/12/2025;607.714.685-47;Andra Elnor;Sudeste;Refrigerante Sprite;91;1358.96;123665.36;;;;;;;
01/05/2025;741.079.244-24;Tremayne Edon;Sul;Chocolate Nestle;36;4644.64;167207.04;;;;;;;
18/07/2025;185.065.117-55;Madalena Loughrey;Centro-Oeste;Cerveja Skol;6;2069.61;12417.66;;;;;;;
19/10/2025;056.084.580-44;Allen MacKeig;Centro-Oeste;Fone Ouvido Philips;21;3132.39;65780.19;;;;;;;
09/09/2024;994.884.373-83;Julia Verheijden;Centro-Oeste;Ar Condicionado LG;94;2375.16;223265.04;;;;;;;
27/07/2024;003.674.218-01;Denny Capeloff;Sul;Smartphone Xiaomi;16;3232.47;51719.52;;;;;;;
31/07/2024;296.655.950-08;Odo Courtese;Nordeste;Ventilador Mondial;77;4814.31;370701.87;;;;;;;
02/07/2025;717.628.070-33;Cassaundra Falcus;Centro-Oeste;Agua Mineral Indaia;80;4972.82;397825.6;;;;;;;
05/08/2024;382.103.491-20;Timothee Van Haeften;Sul;Notebook Acer;79;4849.76;383131.04;;;;;;;
23/09/2025;925.275.767-88;Frederich Bignal;Sudeste;Fone Ouvido Multilaser;18;1529.57;27532.26;;;;;;;
01/12/2024;460.827.774-09;Josiah Fulle;Norte;Smartphone LG;61;1855.66;113195.26;;;;;;;
15/04/2024;993.174.837-04;Olvan Geldart;Nordeste;Tablet Samsung;11;686.95;7556.45;;;;;;;
05/11/2024;693.632.141-09;Laurette Kimpton;Centro-Oeste;Geladeira Brastemp;39;778.67;30368.13;;;;;;;
02/07/2024;198.182.616-58;Lynnea Syphus;Sudeste;Maquina Lavar Samsung;87;2166.31;188468.97;;;;;;;
12/05/2024;186.921.355-69;Dimitry Arndtsen;Sul;Refrigerante Guarana Antarctica;60;3674.07;220444.2;;;;;;;
26/07/2025;486.327.577-33;Pen Aitchinson;Nordeste;Geladeira Samsung;5;3528.37;17641.85;;;;;;;
28/05/2025;447.205.594-50;Dorey Lyster;Norte;Notebook Acer;61;4257.02;259678.22;;;;;;;
13/02/2024;985.529.387-82;Chris Ragdale;Norte;Geladeira Electrolux;16;690.86;11053.76;;;;;;;
21/05/2024;080.486.101-32;De witt Maytom;Norte;Chocolate Nestle;100;2292.16;229216.0;;;;;;;
21/11/2025;101.427.758-27;Niels DeSousa;Sul;Tablet Multilaser;40;2396.76;95870.4;;;;;;;
27/09/2025;873.512.230-76;Clarabelle Jumont;Sudeste;Ar Condicionado Samsung;13;3698.55;48081.15;;;;;;;
20/03/2025;685.866.703-24;Vivyan Hellard;Centro-Oeste;Smartphone Samsung;38;2369.74;90050.12;;;;;;;
07/10/2024;986.255.251-48;Karin Dillingston;Sul;Fone Ouvido Xiaomi;30;1701.9;51057.0;;;;;;;
07/12/2025;886.850.029-90;Joyann Withinshaw;Norte;Notebook Asus;59;2626.76;154978.84;;;;;;;
27/08/2025;793.328.756-50;Tonia Josephson;Norte;Agua Mineral Bonafont;53;786.45;41681.85;;;;;;;
23/02/2025;673.316.705-06;Lindie Wrigglesworth;Centro-Oeste;Cerveja Skol;41;2461.94;100939.54;;;;;;;
22/04/2025;928.953.319-60;Carolynn Paolotto;Nordeste;Cerveja Skol;92;4260.85;391998.2;;;;;;;
13/08/2024;003.674.218-01;Dominik O'Flaherty;Sudeste;Cerveja Stella Artois;100;1522.81;152281.0;;;;;;;
18/02/2025;520.693.284-14;Uri Gillow;Sul;Cerveja Antarctica;52;1156.66;60146.32;;;;;;;
06/01/2024;268.480.546-66;Kipp Malthouse;Nordeste;Fogao Philco;65;914.9;59468.5;;;;;;;
31/08/2025;370.816.714-70;Carmel Jewks;Norte;Ventilador Arno;37;1033.94;38255.78;;;;;;;
01/02/2025;995.494.497-42;Giulio Rosoman;Nordeste;Maquina Lavar Consul;10;2827.7;28277.0;;;;;;;
07/05/2025;016.746.494-95;Veronique Bountiff;Sudeste;Agua Mineral Indaia;41;4874.66;199861.06;;;;;;;
22/03/2025;818.553.894-87;Collie Carvill;Norte;TV Samsung;42;1405.29;59022.18;;;;;;;
11/06/2024;794.806.319-62;Tonye Cridge;Centro-Oeste;Notebook Asus;2;4201.13;8402.26;;;;;;;
08/03/2025;520.501.338-98;Cookie Arkell;Sudeste;Chocolate Lindt;61;1548.94;94485.34;;;;;;;
27/03/2025;762.324.502-30;Lou Blackstock;Centro-Oeste;Notebook Asus;67;567.61;38029.87;;;;;;;
05/05/2025;626.319.320-48;Jordana Harling;Centro-Oeste;Fone Ouvido JBL;83;2167.02;179862.66;;;;;;;
21/05/2024;702.707.796-55;Sindee Heino;Sudeste;Geladeira LG;97;1432.28;138931.16;;;;;;;
06/05/2025;409.551.452-36;Geoffry Cardenas;Norte;Fone Ouvido Philips;33;4517.35;149072.55;;;;;;;
20/06/2025;625.281.968-90;Norbie Emett;Sul;Ventilador Philco;82;4437.84;363902.88;;;;;;;
07/02/2024;450.054.535-20;Ali Maxstead;Sudeste;Refrigerante Guarana Antarctica;6;3384.57;20307.42;;;;;;;
15/05/2024;588.380.998-71;Collette Cummungs;Centro-Oeste;Cerveja Stella Artois;12;3759.15;45109.8;;;;;;;
01/02/2024;126.817.682-68;Sibilla Pipworth;Sul;Geladeira Brastemp;85;1909.4;162299.0;;;;;;;
25/07/2025;791.425.486-08;Fremont Willavize;Sudeste;Ar Condicionado LG;80;3021.32;241705.6;;;;;;;
10/01/2024;770.117.885-65;Alex Poile;Sul;Smartphone Apple;54;4553.57;245892.78;;;;;;;
13/05/2024;993.842.329-98;Michele Cardus;Centro-Oeste;Refrigerante Fanta;32;3737.02;119584.64;;;;;;;
12/01/2025;905.995.783-00;Felice Sellman;Sul;Fone Ouvido Xiaomi;89;2416.78;215093.42;;;;;;;
30/07/2024;769.051.478-26;Tessa Staniford;Centro-Oeste;Chocolate Lacta;92;1366.69;125735.48;;;;;;;
29/06/2024;556.822.490-03;Sheree Koba;Sul;Geladeira Samsung;71;3953.84;280722.64;;;;;;;
19/11/2024;838.580.725-08;Frasco Vockings;Sudeste;TV TCL;97;2808.39;272413.83;;;;;;;
26/11/2024;117.541.127-22;Janifer Rampley;Sul;Refrigerante Sprite;5;1174.89;5874.45;;;;;;;
05/02/2024;626.552.455-04;Averill Damrel;Sul;Refrigerante Guarana Antarctica;20;3822.61;76452.2;;;;;;;
15/07/2025;362.363.988-52;Ban Tommen;Nordeste;TV LG;23;4040.97;92942.31;;;;;;;
04/02/2024;769.320.715-50;Shaw Frays;Nordeste;Smartphone Apple;85;3662.26;311292.1;;;;;;;
25/08/2024;310.725.512-25;Magdaia Johananov;Nordeste;Ar Condicionado LG;12;3979.16;47749.92;;;;;;;
29/03/2025;824.963.415-20;Eirena Mulqueen;Sul;Cerveja Antarctica;69;3608.82;249008.58;;;;;;;
04/01/2025;622.761.602-84;Agatha Cains;Sul;Ar Condicionado Gree;16;3419.51;54712.16;;;;;;;
02/03/2025;374.378.084-47;Fenelia Teligin;Nordeste;Ventilador Arno;63;3214.64;202522.32;;;;;;;
11/02/2024;104.184.088-82;Reeva Helliker;Sul;Geladeira Brastemp;83;1748.4;145117.2;;;;;;;
11/10/2024;244.081.485-71;Keeley Rosendale;Nordeste;Cerveja Antarctica;42;1380.72;57990.24;;;;;;;
30/05/2024;934.755.810-94;Brigit Peealess;Norte;Fogao Philco;42;2602.65;109311.3;;;;;;;
06/11/2025;601.603.902-06;Beret Rosenblatt;Norte;Ventilador Arno;37;815.4;30169.8;;;;;;;
25/05/2025;701.242.117-71;Zabrina Splaven;Centro-Oeste;Geladeira Consul;25;2080.82;52020.5;;;;;;;
14/02/2025;850.274.850-50;Evangelia Instrell;Norte;TV LG;12;699.88;8398.56;;;;;;;
22/06/2024;275.413.621-58;Aurel Gravell;Nordeste;Cerveja Skol;77;2864.01;220528.77;;;;;;;
04/06/2024;464.039.195-12;Thaxter Collinge;Norte;Fone Ouvido Philips;77;3691.23;284224.71;;;;;;;
27/01/2025;627.506.745-49;Bunni Lissaman;Nordeste;Smartphone Samsung;53;1787.78;94752.34;;;;;;;
18/11/2024;198.853.066-09;Ira Wyson;Centro-Oeste;Smartphone Xiaomi;39;744.23;29024.97;;;;;;;
27/08/2024;233.276.988-99;Violet Dyde;Nordeste;Ar Condicionado Consul;22;3353.68;73780.96;;;;;;;
22/12/2024;460.827.774-09;Umberto Oneil;Centro-Oeste;Ventilador Mueller;54;3190.56;172290.24;;;;;;;
22/11/2024;352.911.816-80;Irina Gemlett;Norte;Smartphone LG;54;4952.17;267417.18;;;;;;;
10/03/2024;494.217.821-51;Mindy Yerbury;Norte;Smartphone Samsung;26;2423.81;63019.06;;;;;;;
27/05/2024;414.704.406-95;James Shepland;Sul;Fone Ouvido Sony;95;4324.82;410857.9;;;;;;;
29/10/2024;523.105.665-00;Faun Burdin;Centro-Oeste;Chocolate Garoto;22;1411.44;31051.68;;;;;;;
10/03/2024;666.003.303-33;Mohammed Fretter;Centro-Oeste;Ventilador Mueller;6;4026.33;24157.98;;;;;;;
05/10/2025;288.489.290-79;Gwyneth Aggiss;Nordeste;Notebook Lenovo;87;4232.86;368258.82;;;;;;;
24/08/2024;638.454.242-06;Wendeline Darker;Norte;Ventilador Mondial;85;4743.58;403204.3;;;;;;;
29/10/2025;442.756.142-08;Katherine Issacoff;Sudeste;Geladeira Electrolux;50;4681.72;234086.0;;;;;;;
16/03/2025;769.774.761-84;Lexine Handasyde;Centro-Oeste;Agua Mineral Crystal;70;1606.63;112464.1;;;;;;;
02/07/2024;518.254.496-00;Webb Phelan;Nordeste;TV TCL;33;3335.36;110066.88;;;;;;;
05/04/2025;430.191.609-10;Nadine Warbey;Sul;Notebook Lenovo;83;4821.1;400151.3;;;;;;;
15/08/2024;791.425.486-08;Lilia Dicke;Norte;Chocolate Lindt;41;4591.26;188241.66;;;;;;;
08/12/2025;990.781.126-20;Charissa Bohey;Nordeste;Fone Ouvido Sony;6;3601.72;21610.32;;;;;;;
09/04/2024;159.038.031-21;Hendrik Griffith;Centro-Oeste;Refrigerante CocaCola;97;4917.23;476971.31;;;;;;;
13/04/2025;071.613.118-88;Neda Vanne;Sudeste;Ar Condicionado Samsung;57;4515.52;257384.64;;;;;;;
21/07/2025;791.425.486-08;Genny Mawd;Norte;TV Sony;95;4124.66;391842.7;;;;;;;
23/08/2025;199.322.275-87;Arlina Bedder;Centro-Oeste;Geladeira LG;27;2974.2;80303.4;;;;;;;
25/12/2024;452.257.096-13;Mortimer Kettlesing;Sudeste;Ventilador Arno;37;1852.55;68544.35;;;;;;;
12/02/2025;663.155.140-49;Goldia Quayle;Sul;Maquina Lavar Samsung;82;1943.71;159384.22;;;;;;;
15/03/2024;923.205.711-59;Rob Meeks;Sul;Cerveja Heineken;59;4197.75;247667.25;;;;;;;
11/01/2024;041.875.917-02;Daffi Halliberton;Nordeste;Chocolate Nestle;4;2330.72;9322.88;;;;;;;
25/06/2024;930.273.081-65;Devinne McDavitt;Sudeste;Chocolate Lacta;62;2893.01;179366.62;;;;;;;
09/07/2025;082.215.614-87;Eba Tampling;Centro-Oeste;Ventilador Mueller;55;2621.79;144198.45;;;;;;;
14/03/2025;380.417.705-09;Juditha Kyle;Centro-Oeste;TV Philips;21;1558.85;32735.85;;;;;;;
07/02/2025;338.419.212-56;Artair Franzonello;Nordeste;TV LG;25;4213.28;105332.0;;;;;;;
21/02/2025;406.486.450-61;Alica Holdin;Nordeste;Refrigerante Sprite;67;4547.45;304679.15;;;;;;;
06/01/2025;799.024.444-66;Aubert Couvert;Sul;TV TCL;51;1987.73;101374.23;;;;;;;
16/09/2024;530.494.206-00;Nettie O' Ronan;Norte;Fogao Electrolux;65;3677.18;239016.7;;;;;;;
10/12/2024;426.065.815-80;Benson Bartels-Ellis;Nordeste;Fone Ouvido Philips;29;1666.43;48326.47;;;;;;;
25/12/2025;483.253.089-58;Huey Connolly;Sul;Notebook Lenovo;12;1891.0;22692.0;;;;;;;
23/01/2025;579.629.020-78;Maudie Penwell;Sul;Refrigerante Sprite;65;4531.88;294572.2;;;;;;;
02/01/2024;763.493.465-80;Easter Brigstock;Sudeste;Fone Ouvido Philips;42;2405.0;101010.0;;;;;;;
21/03/2024;849.654.678-09;Gabbi Bande;Nordeste;Fogao Midea;59;2618.15;154470.85;;;;;;;
23/05/2024;070.193.120-55;Goldy Spraberry;Sul;Ar Condicionado LG;99;2145.75;212429.25;;;;;;;
25/07/2025;622.395.600-29;Riccardo Salvage;Centro-Oeste;Geladeira Electrolux;81;4861.9;393813.9;;;;;;;
01/08/2024;394.784.717-32;Jillana Roscrigg;Sul;Agua Mineral Schin;58;2312.89;134147.62;;;;;;;
10/03/2025;601.603.902-06;Giselbert Nisco;Sudeste;Notebook Lenovo;41;1600.56;65622.96;;;;;;;
01/07/2024;410.254.144-62;Carlin Tolworthie;Sul;Smartphone Motorola;18;1160.65;20891.7;;;;;;;
05/07/2024;557.870.891-97;Tomas Shapcote;Sul;Refrigerante Fanta;71;3805.04;270157.84;;;;;;;
04/09/2024;601.603.902-06;Andromache Quarless;Norte;Smartphone Xiaomi;82;4959.36;406667.52;;;;;;;
24/01/2025;622.644.296-40;Abbey Andreotti;Sul;Notebook HP;81;4761.43;385675.83;;;;;;;
09/02/2025;315.577.500-92;Calla Jindrak;Sudeste;Ar Condicionado Springer;85;634.51;53933.35;;;;;;;
06/07/2025;185.570.880-94;Marisa Abramovitch;Sudeste;Ar Condicionado LG;31;4458.94;138227.14;;;;;;;
09/09/2025;040.379.122-79;Janis Furst;Nordeste;Tablet Positivo;49;3898.59;191030.91;;;;;;;
12/01/2025;133.677.931-40;Temple Braney;Sudeste;Ventilador Mueller;15;3985.79;59786.85;;;;;;;
26/03/2025;175.783.044-88;Doe Manie;Norte;Notebook Acer;42;540.14;22685.88;;;;;;;
09/02/2025;450.155.449-52;Roana Shipston;Sul;Cerveja Heineken;86;4807.2;413419.2;;;;;;;
19/08/2024;028.162.615-49;Netty Bandey;Sudeste;TV Samsung;13;3017.21;39223.73;;;;;;;
05/04/2025;557.582.689-92;Douglass Swanbourne;Nordeste;Fone Ouvido JBL;38;2182.7;82942.6;;;;;;;
05/03/2024;190.680.137-18;Abby Franses;Sudeste;Ventilador Britania;98;3536.03;346530.94;;;;;;;
31/05/2025;329.743.789-86;Gardiner Johnsson;Sudeste;Notebook Asus;1;910.02;910.02;;;;;;;
17/05/2024;806.433.685-66;Sadie Benning;Centro-Oeste;Refrigerante Pepsi;94;1756.54;165114.76;;;;;;;
20/02/2025;184.131.185-57;Robbie Shivlin;Nordeste;Ventilador Mueller;19;1230.83;23385.77;;;;;;;
19/06/2024;679.998.204-66;Virgie Larkcum;Centro-Oeste;Ventilador Philco;49;3569.87;174923.63;;;;;;;
30/06/2024;146.610.158-00;Eleen Burroughes;Centro-Oeste;Cerveja Heineken;49;942.43;46179.07;;;;;;;
29/03/2024;278.271.615-88;Clark Crosham;Norte;TV Samsung;35;4005.3;140185.5;;;;;;;
30/07/2024;003.674.218-01;Chrystel Haythorne;Norte;Notebook Asus;74;1569.42;116137.08;;;;;;;
30/07/2024;431.351.083-41;Hillel Branchflower;Nordeste;Smartphone Apple;1;3633.89;3633.89;;;;;;;
07/07/2024;017.979.127-39;Taffy Radwell;Sul;Ventilador Mueller;87;4200.07;365406.09;;;;;;;
14/04/2024;791.425.486-08;Jaquith Arnald;Sudeste;Refrigerante Sprite;23;1339.28;30803.44;;;;;;;
24/11/2025;331.675.806-23;Odella Leagas;Centro-Oeste;Maquina Lavar Brastemp;58;1574.41;91315.78;;;;;;;
06/10/2024;297.995.656-26;Jan Crutchley;Centro-Oeste;Ventilador Mondial;19;3663.58;69608.02;;;;;;;
22/11/2025;120.846.217-20;Rudyard Algy;Nordeste;Geladeira Brastemp;87;2847.02;247690.74;;;;;;;
08/10/2025;562.457.078-38;Matthiew Preon;Sul;Tablet Apple;52;4544.65;236321.8;;;;;;;
07/01/2025;105.931.888-10;Tessi Slowly;Centro-Oeste;Fogao Midea;63;2910.6;183367.8;;;;;;;
29/05/2024;283.401.729-80;Lorrie Chrystal;Norte;Notebook HP;16;4799.64;76794.24;;;;;;;
19/08/2025;118.664.264-51;Sawyere Winyard;Centro-Oeste;Geladeira LG;4;2671.06;10684.24;;;;;;;
16/06/2025;607.714.685-47;Carolan Dollar;Norte;Tablet Apple;91;3164.19;287941.29;;;;;;;
02/10/2024;435.963.564-82;Laverne Silver;Centro-Oeste;Agua Mineral Schin;49;4972.65;243659.85;;;;;;;
24/04/2025;127.085.322-86;Torin Redfern;Centro-Oeste;Maquina Lavar LG;23;2755.62;63379.26;;;;;;;
30/10/2024;041.875.917-02;Binni Balbeck;Centro-Oeste;Ventilador Britania;11;763.39;8397.29;;;;;;;
22/02/2024;122.930.691-92;Sergeant Ryton;Sul;Fone Ouvido Multilaser;30;829.87;24896.1;;;;;;;
24/11/2024;142.168.855-78;Neill Brighouse;Sul;Ar Condicionado Consul;63;2720.51;171392.13;;;;;;;
29/08/2025;289.572.671-07;Idalia Doag;Centro-Oeste;Smartphone Xiaomi;79;2956.27;233545.33;;;;;;;
18/07/2024;373.277.600-08;Marijn McCroary;Sul;Smartphone Samsung;35;2187.17;76550.95;;;;;;;
14/07/2024;574.982.175-70;Keane Manshaw;Sudeste;Fone Ouvido Multilaser;2;745.26;1490.52;;;;;;;
02/01/2025;106.747.232-01;Binky Doorbar;Sudeste;Fone Ouvido Xiaomi;49;4747.27;232616.23;;;;;;;
06/01/2025;830.559.297-99;Somerset Ranscombe;Centro-Oeste;Fogao Midea;95;3157.49;299961.55;;;;;;;
20/02/2024;740.781.577-18;Tucky Ewence;Centro-Oeste;Cerveja Heineken;28;4917.33;137685.24;;;;;;;
12/03/2024;776.884.552-86;Katrinka Poker;Norte;Cerveja Stella Artois;57;4563.06;260094.42;;;;;;;
23/07/2024;233.276.988-99;Fernando Lysaght;Centro-Oeste;Smartphone Xiaomi;72;1625.16;117011.52;;;;;;;
05/04/2025;119.183.437-99;Mile Ness;Sudeste;TV Philips;77;2763.72;212806.44;;;;;;;
26/12/2025;154.675.882-81;Dorey Lillywhite;Centro-Oeste;Fogao Philco;98;4362.38;427513.24;;;;;;;
06/10/2025;841.629.828-99;Bernard Gooderson;Nordeste;Tablet Samsung;76;1443.04;109671.04;;;;;;;
24/06/2025;400.987.056-79;Rollo Trappe;Sul;Geladeira Samsung;43;4826.06;207520.58;;;;;;;
04/02/2024;516.544.556-95;Dominic Blasli;Sul;Fone Ouvido JBL;100;4951.23;495123.0;;;;;;;
30/01/2025;355.387.657-33;Fairfax Gethins;Sul;Ventilador Mueller;47;1287.68;60520.96;;;;;;;
13/01/2024;794.303.347-78;Blake Merredy;Centro-Oeste;Smartphone LG;8;2872.57;22980.56;;;;;;;
12/10/2025;394.478.819-20;Cornall Melmore;Centro-Oeste;TV Samsung;79;2371.15;187320.85;;;;;;;
23/05/2025;506.784.059-56;Armin Marushak;Norte;Agua Mineral Minalba;8;4438.09;35504.72;;;;;;;
13/06/2025;278.271.615-88;Jakie Moral;Norte;Tablet Positivo;99;2950.06;292055.94;;;;;;;
30/09/2024;567.663.967-92;Turner Kornilyev;Sul;Maquina Lavar Consul;18;2282.3;41081.4;;;;;;;
24/06/2025;161.070.248-40;Luke Sleite;Centro-Oeste;Cerveja Heineken;78;2846.72;222044.16;;;;;;;
03/07/2025;069.999.089-07;Mannie Parkyn;Nordeste;Fogao Consul;59;2241.45;132245.55;;;;;;;
01/12/2024;113.738.622-38;Averill O'Carroll;Norte;Refrigerante Fanta;100;2461.51;246151.0;;;;;;;
26/05/2024;804.352.928-03;Selig Alvares;Centro-Oeste;Geladeira Electrolux;40;597.76;23910.4;;;;;;;
16/04/2024;992.435.295-52;Twila Wyleman;Sudeste;Fogao Consul;16;849.07;13585.12;;;;;;;
03/10/2024;332.584.255-07;Brandice Dorgon;Sudeste;Tablet Multilaser;97;865.54;83957.38;;;;;;;
18/04/2024;666.847.075-06;Rosalind Scholfield;Norte;Cerveja Stella Artois;24;1991.58;47797.92;;;;;;;
10/09/2024;212.349.291-47;Truman Bartholin;Centro-Oeste;Smartphone Xiaomi;8;3096.94;24775.52;;;;;;;
16/03/2024;538.290.319-04;Rickert Isacsson;Centro-Oeste;Notebook Asus;20;3367.69;67353.8;;;;;;;
09/12/2025;471.536.044-64;Lonny Filyushkin;Norte;Tablet Multilaser;47;2008.04;94377.88;;;;;;;
22/09/2024;226.790.877-80;Kyle Bohling;Sudeste;Cerveja Antarctica;27;1927.75;52049.25;;;;;;;
07/12/2025;201.736.984-50;Wake Guard;Sudeste;Ar Condicionado Consul;14;1166.57;16331.98;;;;;;;
21/12/2025;315.577.500-92;Napoleon McCaughey;Norte;TV Samsung;65;3103.27;201712.55;;;;;;;
04/07/2025;925.275.767-88;Salomi McGairl;Sudeste;Ar Condicionado LG;48;3126.47;150070.56;;;;;;;
02/07/2024;772.720.641-53;Raoul Bernetti;Norte;Fogao Philco;48;643.14;30870.72;;;;;;;
12/09/2024;768.078.428-05;Reggis Cody;Sul;Fogao Philco;25;1112.91;27822.75;;;;;;;
21/11/2024;666.847.075-06;Wiley Bullus;Sul;Fogao Consul;78;1163.17;90727.26;;;;;;;
23/11/2024;539.691.451-39;Lurleen Jakolevitch;Centro-Oeste;Tablet Apple;35;3584.16;125445.6;;;;;;;
23/02/2025;058.478.435-00;Tome Tunno;Centro-Oeste;Fone Ouvido Sony;36;1664.57;59924.52;;;;;;;
04/10/2024;679.119.074-47;Ravi Rydings;Sul;Cerveja Stella Artois;63;3500.55;220534.65;;;;;;;
25/10/2025;742.975.464-34;Aloisia Louisot;Sul;Cerveja Brahma;95;3430.23;325871.85;;;;;;;
12/11/2024;824.963.415-20;Tabor Guye;Sul;Fone Ouvido Xiaomi;91;4858.06;442083.46;;;;;;;
04/03/2025;737.237.915-65;Twila Devas;Nordeste;Refrigerante CocaCola;98;4134.92;405222.16;;;;;;;
12/09/2024;895.402.379-71;Felic Boxen;Sul;Geladeira Samsung;12;4740.38;56884.56;;;;;;;
12/02/2024;409.295.780-74;Arte Down;Nordeste;Smartphone Motorola;47;1638.83;77025.01;;;;;;;
18/02/2024;646.761.346-57;Bail Durran;Norte;Notebook Asus;46;4817.49;221604.54;;;;;;;
17/04/2025;950.096.928-99;Sim Davidavidovics;Sul;Cerveja Skol;29;4060.06;117741.74;;;;;;;
05/02/2024;741.079.244-24;Marigold Narramore;Nordeste;Geladeira LG;75;1011.67;75875.25;;;;;;;
25/03/2024;771.519.998-28;Riordan Shulver;Sul;TV TCL;13;4121.47;53579.11;;;;;;;
07/11/2025;566.418.104-45;Yale Pesak;Sudeste;Fone Ouvido Sony;68;3680.27;250258.36;;;;;;;
31/08/2025;888.794.950-62;Bibi Farington;Nordeste;Tablet Apple;53;1938.26;102727.78;;;;;;;
03/08/2024;218.374.174-07;Stefano Crucetti;Sul;Refrigerante Pepsi;42;1586.85;66647.7;;;;;;;
30/04/2025;998.348.039-58;Louise Quinnelly;Nordeste;Notebook Lenovo;44;2487.39;109445.16;;;;;;;
13/05/2025;630.771.447-60;Cammie Booty;Sul;Fone Ouvido Xiaomi;12;4023.09;48277.08;;;;;;;
13/12/2025;815.139.590-77;Redford Tims;Nordeste;Fogao Philco;86;2511.29;215970.94;;;;;;;
12/04/2025;966.408.705-09;Mahmoud Charopen;Centro-Oeste;Ar Condicionado Samsung;25;3458.0;86450.0;;;;;;;
30/12/2024;311.969.439-82;Farleigh Martygin;Norte;Agua Mineral Indaia;59;2120.04;125082.36;;;;;;;
17/01/2024;346.595.928-04;Timothee Halliburton;Norte;Agua Mineral Minalba;92;4573.92;420800.64;;;;;;;
25/08/2025;043.047.356-75;Barn Seeds;Norte;Fone Ouvido Multilaser;39;2215.32;86397.48;;;;;;;
22/07/2025;373.311.091-97;Gil Tomini;Nordeste;Geladeira Samsung;59;2377.03;140244.77;;;;;;;
02/04/2024;190.680.137-18;Rosalie Shoard;Sudeste;Refrigerante Sprite;72;4152.13;298953.36;;;;;;;
31/08/2024;226.790.877-80;Bridie Bloxholm;Sul;Notebook Acer;67;749.91;50243.97;;;;;;;
06/12/2024;762.324.502-30;Lian Marples;Sudeste;Geladeira LG;66;1269.14;83763.24;;;;;;;
13/10/2024;955.116.225-08;Hershel Diver;Sul;Tablet Positivo;68;2244.06;152596.08;;;;;;;
10/03/2024;849.654.678-09;Myrtie Cookman;Norte;Cerveja Brahma;51;2795.92;142591.92;;;;;;;
15/02/2024;589.810.161-60;Blakelee Slayford;Norte;Tablet Multilaser;28;4384.9;122777.2;;;;;;;
20/05/2025;111.484.368-71;Elliot Craighall;Centro-Oeste;Ar Condicionado Samsung;5;2265.99;11329.95;;;;;;;
25/05/2025;243.914.362-64;Leah Goodbarne;Nordeste;Ar Condicionado LG;40;3188.13;127525.2;;;;;;;
23/09/2025;204.759.811-70;Kirbie Juza;Norte;TV TCL;35;1732.02;60620.7;;;;;;;
06/10/2025;014.068.382-84;Morena Harry;Centro-Oeste;Maquina Lavar Consul;70;856.01;59920.7;;;;;;;
04/06/2025;663.307.195-78;Ulises Daniellot;Sul;Refrigerante Fanta;83;4187.49;347561.67;;;;;;;
29/11/2025;562.480.441-55;Rosalind Bridgestock;Sudeste;Fogao Midea;9;2484.44;22359.96;;;;;;;
13/04/2025;601.656.710-84;Dyna Radage;Norte;Tablet Apple;12;2475.63;29707.56;;;;;;;
10/09/2024;951.417.440-27;Jecho Ballston;Nordeste;Fogao Electrolux;12;1440.77;17289.24;;;;;;;
31/07/2024;744.126.780-32;Rodrick Phoebe;Nordeste;Ar Condicionado LG;77;2762.08;212680.16;;;;;;;
18/01/2024;124.416.983-89;Jenica Chamberlin;Nordeste;Chocolate Nestle;90;2334.25;210082.5;;;;;;;
18/02/2024;518.254.496-00;Mordecai Martinet;Sul;Geladeira LG;89;3771.72;335683.08;;;;;;;
03/09/2025;279.549.905-32;Karolina Gillani;Sul;Chocolate Lacta;46;949.83;43692.18;;;;;;;
09/04/2024;482.200.544-50;Aggi Carbonell;Nordeste;Maquina Lavar Brastemp;30;4616.58;138497.4;;;;;;;
30/05/2025;567.663.967-92;Alysia Cobley;Centro-Oeste;Smartphone Motorola;34;2259.16;76811.44;;;;;;;
20/08/2024;564.139.395-91;Tomasina Staries;Sudeste;Tablet Multilaser;90;2597.74;233796.6;;;;;;;
09/09/2024;667.280.905-84;Eveleen Heims;Sudeste;Chocolate Garoto;45;1248.16;56167.2;;;;;;;
12/02/2025;301.798.991-71;Annnora Lowseley;Norte;Ventilador Mueller;88;3777.29;332401.52;;;;;;;
04/11/2024;911.190.850-55;Jandy Clacey;Norte;Fogao Midea;25;2302.23;57555.75;;;;;;;
09/12/2024;190.680.137-18;Larina Syseland;Nordeste;Notebook Lenovo;38;2168.86;82416.68;;;;;;;
04/12/2025;478.244.380-31;Eberhard Hankey;Centro-Oeste;Cerveja Stella Artois;95;1629.01;154755.95;;;;;;;
30/07/2024;245.523.353-75;Hubey O'Siaghail;Sul;Refrigerante Sprite;59;4900.84;289149.56;;;;;;;
03/03/2025;768.031.392-04;Kalie Gorden;Norte;Refrigerante Guarana Antarctica;91;2918.1;265547.1;;;;;;;
23/05/2024;296.655.950-08;Dorella Hackford;Sudeste;Ar Condicionado Springer;86;4784.37;411455.82;;;;;;;
23/12/2024;755.632.517-21;Amos Cabrara;Norte;TV TCL;76;1204.45;91538.2;;;;;;;
14/12/2025;217.775.776-24;Ondrea Lethcoe;Norte;Fone Ouvido Xiaomi;95;2650.48;251795.6;;;;;;;
15/03/2024;449.431.030-14;Garnette Overstreet;Nordeste;Tablet Lenovo;100;2371.97;237197.0;;;;;;;
14/03/2025;016.746.494-95;Vito Persey;Norte;Maquina Lavar LG;10;3742.52;37425.2;;;;;;;
27/01/2024;660.458.267-10;Duncan Abbatini;Centro-Oeste;Geladeira Brastemp;56;3419.06;191467.36;;;;;;;
27/04/2025;597.169.586-09;Kandace Beeho;Centro-Oeste;Geladeira Electrolux;6;1655.6;9933.6;;;;;;;
06/09/2024;353.526.283-61;Tawsha Melross;Centro-Oeste;Smartphone LG;99;2722.43;269520.57;;;;;;;
17/09/2024;994.605.522-85;Jasun Roth;Nordeste;Refrigerante CocaCola;95;1658.85;157590.75;;;;;;;
29/08/2024;938.352.416-21;Sheela Mongain;Norte;Cerveja Antarctica;84;4696.48;394504.32;;;;;;;
15/06/2024;424.742.699-08;George Palk;Sudeste;Cerveja Skol;79;4532.23;358046.17;;;;;;;
27/09/2025;445.796.726-23;Vinny Frewer;Sudeste;Ventilador Mueller;97;4773.17;462997.49;;;;;;;
05/07/2024;041.582.255-66;Ellynn McDonogh;Norte;Fogao Midea;41;4437.26;181927.66;;;;;;;
27/12/2024;154.100.683-60;Torin Colvie;Norte;Chocolate Hersheys;56;4638.52;259757.12;;;;;;;
23/04/2024;482.202.290-04;Laura Haslock;Nordeste;Maquina Lavar Brastemp;78;607.61;47393.58;;;;;;;
07/03/2024;352.120.382-43;Baird Kivits;Norte;Chocolate Garoto;12;3485.98;41831.76;;;;;;;
03/06/2024;738.261.255-41;Ernie Kief;Centro-Oeste;Notebook Dell;91;3706.75;337314.25;;;;;;;
18/01/2024;561.217.111-08;Willis Rowat;Norte;Tablet Multilaser;73;3649.21;266392.33;;;;;;;
03/03/2025;406.486.450-61;Gustavo McGing;Centro-Oeste;Smartphone Samsung;29;2688.65;77970.85;;;;;;;
04/10/2025;702.707.796-55;Miranda Garvey;Norte;Cerveja Antarctica;34;3418.87;116241.58;;;;;;;
13/07/2025;291.537.496-18;Rory Bartels;Centro-Oeste;Maquina Lavar Brastemp;25;1847.58;46189.5;;;;;;;
23/09/2025;164.316.282-92;Anatola Doyley;Centro-Oeste;Notebook Asus;73;3435.27;250774.71;;;;;;;
05/12/2024;990.893.606-97;Joya Bernocchi;Sudeste;Refrigerante CocaCola;75;4359.46;326959.5;;;;;;;
20/02/2025;987.603.879-63;Phaedra Pote;Sul;Cerveja Heineken;71;3178.55;225677.05;;;;;;;
19/05/2025;017.001.871-71;Delilah Bullingham;Norte;Agua Mineral Bonafont;100;1295.64;129564.0;;;;;;;
21/04/2024;888.794.950-62;Frankie Crimin;Norte;Notebook Asus;91;3038.32;276487.12;;;;;;;
10/11/2024;281.867.239-27;Margarita Dimont;Sul;Smartphone Apple;65;2609.25;169601.25;;;;;;;
30/09/2024;832.121.651-03;Jodie Kettle;Sul;Refrigerante Pepsi;33;2265.53;74762.49;;;;;;;
18/04/2025;595.636.426-27;Chilton England;Centro-Oeste;Maquina Lavar Brastemp;66;3814.89;251782.74;;;;;;;
06/06/2025;532.330.987-31;Virginie Malacrida;Norte;Tablet Samsung;32;3110.64;99540.48;;;;;;;
20/07/2025;118.235.561-75;Brion Lyster;Centro-Oeste;Smartphone LG;80;4271.09;341687.2;;;;;;;
09/09/2025;450.817.595-38;Abra Minigo;Nordeste;TV Philips;53;4650.49;246475.97;;;;;;;
07/01/2024;778.322.950-66;Nicko McCoid;Norte;TV Philips;82;1368.04;112179.28;;;;;;;
15/12/2024;518.361.976-08;Fitz Blayd;Sudeste;Agua Mineral Schin;91;2712.93;246876.63;;;;;;;
18/06/2024;299.972.945-64;Shellie Yewdell;Sul;Notebook Asus;47;1949.47;91625.09;;;;;;;
11/02/2024;928.953.319-60;Philis Guillart;Centro-Oeste;Smartphone Apple;31;4074.65;126314.15;;;;;;;
28/04/2024;450.817.595-38;Tris Longshaw;Centro-Oeste;Chocolate Lindt;9;3104.47;27940.23;;;;;;;
09/03/2024;511.074.699-02;Hillyer Scarsbrooke;Norte;Smartphone Motorola;59;3150.51;185880.09;;;;;;;
28/06/2024;553.931.793-91;Carolus Syres;Sudeste;Ar Condicionado LG;89;3112.27;276992.03;;;;;;;
23/11/2024;288.489.290-79;Olenka Emanuelli;Sul;Agua Mineral Crystal;34;2350.69;79923.46;;;;;;;
04/04/2025;419.520.758-40;Pip Espin;Centro-Oeste;Fone Ouvido Philips;1;2777.16;2777.16;;;;;;;
11/08/2025;685.866.703-24;Mollee Borrie;Norte;Fogao Consul;97;3437.38;333425.86;;;;;;;
17/08/2024;170.143.501-29;Orelie McMorran;Centro-Oeste;Ar Condicionado LG;30;1771.67;53150.1;;;;;;;
05/08/2024;492.267.551-59;Allsun Dunrige;Norte;Geladeira Brastemp;99;4172.37;413064.63;;;;;;;
10/01/2024;126.817.682-68;Jerrylee Brydson;Sudeste;Fogao Midea;8;1862.35;14898.8;;;;;;;
07/12/2024;523.584.031-30;Lynna Douberday;Sul;Ventilador Arno;79;3367.79;266055.41;;;;;;;
04/10/2025;118.965.369-99;Nanci Gummery;Sul;Geladeira Consul;10;1459.12;14591.2;;;;;;;
24/05/2025;363.790.161-71;Chick Lakeman;Norte;Fone Ouvido Philips;65;2439.17;158546.05;;;;;;;
09/03/2025;717.554.616-58;Judi Orchart;Sul;Ventilador Arno;82;2570.02;210741.64;;;;;;;
15/08/2025;483.253.089-58;Holmes Wolfers;Sul;Ventilador Mondial;16;2863.78;45820.48;;;;;;;
10/01/2024;246.099.075-85;Wandie Gerritzen;Centro-Oeste;Ventilador Britania;17;3292.68;55975.56;;;;;;;
13/05/2024;360.190.003-38;Geneva Diament;Sul;Smartphone Apple;61;1886.19;115057.59;;;;;;;
28/07/2025;126.215.504-52;Clemente Kleint;Sudeste;Cerveja Skol;10;624.73;6247.3;;;;;;;
28/01/2025;105.246.162-05;Lorinda Aynsley;Norte;Cerveja Skol;93;3289.32;305906.76;;;;;;;
17/11/2025;277.867.505-17;Alfonse Jakeman;Sudeste;Agua Mineral Crystal;37;2303.95;85246.15;;;;;;;
18/10/2025;844.906.569-04;Maurise Slidders;Sul;Notebook HP;47;4455.59;209412.73;;;;;;;
04/04/2024;938.352.416-21;Gayla Nock;Norte;Tablet Lenovo;9;1019.58;9176.22;;;;;;;
15/03/2025;800.685.035-63;Petronille Armatys;Centro-Oeste;Ar Condicionado Springer;19;2739.31;52046.89;;;;;;;
05/02/2025;779.492.235-61;Maximilianus Hallmark;Centro-Oeste;Fogao Brastemp;85;2209.7;187824.5;;;;;;;
14/10/2025;603.290.511-05;Ly Bonner;Sudeste;Ar Condicionado LG;56;4326.23;242268.88;;;;;;;
11/04/2025;110.156.453-99;Bridie Nurden;Centro-Oeste;Fogao Philco;57;1403.53;80001.21;;;;;;;
05/03/2025;338.419.212-56;Emmalynne Bard;Centro-Oeste;Fogao Midea;49;1938.99;95010.51;;;;;;;
17/10/2025;458.412.623-27;Norman Roark;Nordeste;Geladeira Electrolux;18;1712.27;30820.86;;;;;;;
14/02/2025;145.541.826-90;Neddy Withnall;Norte;Chocolate Hersheys;51;1503.97;76702.47;;;;;;;
05/01/2025;897.342.839-01;Elysha MacCathay;Sul;Ar Condicionado Consul;68;1321.11;89835.48;;;;;;;
18/02/2024;742.975.464-34;Caprice Curner;Sudeste;Notebook Asus;62;1231.87;76375.94;;;;;;;
11/02/2024;838.660.602-97;Janka Muldoon;Sudeste;Ventilador Mueller;30;4033.91;121017.3;;;;;;;
08/04/2025;987.767.386-04;Lib Petran;Nordeste;Tablet Multilaser;99;2419.09;239489.91;;;;;;;
22/04/2024;899.216.392-42;Wilden Darke;Centro-Oeste;Refrigerante Guarana Antarctica;50;4586.39;229319.5;;;;;;;
20/03/2025;119.183.437-99;Barbi Schlagh;Norte;Smartphone Samsung;21;1623.47;34092.87;;;;;;;
10/12/2024;446.651.165-98;Loleta Severwright;Centro-Oeste;Chocolate Lindt;11;996.83;10965.13;;;;;;;
15/04/2024;938.352.416-21;Ingaborg Grossman;Sudeste;Chocolate Lacta;73;696.25;50826.25;;;;;;;
16/12/2025;799.024.444-66;Lottie Bradborne;Nordeste;Maquina Lavar LG;46;2752.46;126613.16;;;;;;;
20/08/2025;065.774.952-46;Ofilia Utting;Sudeste;Smartphone Samsung;1;2687.92;2687.92;;;;;;;
29/03/2024;469.844.727-50;Nye Yakhin;Sul;Geladeira Samsung;20;900.4;18008.0;;;;;;;
19/06/2025;601.136.279-63;Marylin Kilty;Norte;Smartphone Apple;64;3213.96;205693.44;;;;;;;
10/09/2024;042.438.891-04;Selby Cersey;Centro-Oeste;Tablet Multilaser;96;3501.85;336177.6;;;;;;;
30/01/2025;666.847.075-06;Colby Prescott;Sul;Agua Mineral Indaia;16;2835.23;45363.68;;;;;;;
14/02/2024;467.968.172-14;Umberto Spridgeon;Nordeste;Fogao Midea;16;626.62;10025.92;;;;;;;
02/11/2024;152.704.121-28;Evanne Attle;Sul;Geladeira Consul;73;3378.98;246665.54;;;;;;;
06/02/2024;970.310.543-20;Tracey Jerrim;Nordeste;Smartphone LG;86;2715.73;233552.78;;;;;;;
14/07/2024;643.551.846-76;Conan Ogan;Nordeste;Ventilador Mueller;25;2915.3;72882.5;;;;;;;
23/02/2024;523.105.665-00;Dore Beddon;Norte;Maquina Lavar Brastemp;57;1381.45;78742.65;;;;;;;
03/04/2025;535.410.760-11;Emmalynn Speere;Nordeste;Ar Condicionado Springer;4;1082.6;4330.4;;;;;;;
05/02/2025;108.170.527-20;Luisa Furby;Norte;Smartphone Apple;86;4877.31;419448.66;;;;;;;
29/08/2025;620.517.188-06;Dag Dorrins;Sul;Tablet Lenovo;82;3767.07;308899.74;;;;;;;
19/11/2024;175.783.044-88;Englebert Land;Sudeste;Agua Mineral Schin;37;2796.29;103462.73;;;;;;;
09/04/2024;712.679.321-98;Inger Weldrick;Norte;Tablet Positivo;56;1229.89;68873.84;;;;;;;
13/05/2024;323.124.523-08;Felice Soppett;Norte;Fone Ouvido Philips;60;4258.94;255536.4;;;;;;;
04/03/2024;149.129.947-90;Karisa Cicullo;Nordeste;Maquina Lavar LG;20;3692.78;73855.6;;;;;;;
22/01/2025;776.884.552-86;Carey Attwood;Norte;Agua Mineral Indaia;96;639.25;61368.0;;;;;;;
23/05/2024;311.969.439-82;Codi Pizzie;Centro-Oeste;TV LG;60;766.6;45996.0;;;;;;;
09/05/2024;281.821.840-37;Harald Wassell;Sul;Agua Mineral Indaia;38;3493.44;132750.72;;;;;;;
15/11/2024;556.795.919-28;Bee Grenkov;Norte;Refrigerante CocaCola;35;4773.17;167060.95;;;;;;;
15/01/2024;458.412.623-27;Andie Carvill;Nordeste;Smartphone Xiaomi;19;3195.34;60711.46;;;;;;;
03/06/2024;527.197.699-83;Agnesse Varvell;Sudeste;Agua Mineral Bonafont;75;3894.83;292112.25;;;;;;;
04/05/2024;142.168.855-78;Aeriel Stobbes;Centro-Oeste;Smartphone Samsung;48;3841.12;184373.76;;;;;;;
17/07/2024;759.097.751-97;Jermayne Berthod;Centro-Oeste;Refrigerante Fanta;21;4558.09;95719.89;;;;;;;
07/11/2025;315.577.500-92;Stephani Jeaffreson;Norte;Maquina Lavar Samsung;53;2650.08;140454.24;;;;;;;
30/09/2024;567.147.348-91;Dov Wason;Sul;Smartphone Motorola;68;1371.55;93265.4;;;;;;;
13/02/2024;934.755.810-94;Lesly Conquest;Sudeste;Smartphone Motorola;90;2198.04;197823.6;;;;;;;
06/12/2025;198.356.214-97;Wood Petracci;Sudeste;Geladeira Electrolux;53;925.71;49062.63;;;;;;;
22/08/2025;604.082.896-00;Maury Licciardiello;Sul;Smartphone Samsung;77;1475.41;113606.57;;;;;;;
22/05/2024;954.377.753-50;Angeline Woodage;Nordeste;Notebook Asus;60;4271.91;256314.6;;;;;;;
22/09/2024;923.205.711-59;Daffi Thackray;Centro-Oeste;Fone Ouvido Xiaomi;93;558.3;51921.9;;;;;;;
06/05/2025;046.900.726-55;Garik Coldbathe;Sudeste;Ar Condicionado Gree;75;1797.6;134820.0;;;;;;;
15/09/2024;741.079.244-24;Cristie Mathieson;Sul;Fone Ouvido Multilaser;98;1469.61;144021.78;;;;;;;
02/09/2024;304.736.693-40;Celka Hedling;Sul;Ventilador Britania;88;4438.62;390598.56;;;;;;;
07/04/2025;844.906.569-04;Riley Hamerton;Sul;Cerveja Brahma;73;4197.36;306407.28;;;;;;;
30/01/2025;469.844.727-50;Jakob Sambles;Norte;Refrigerante CocaCola;83;3491.6;289802.8;;;;;;;
11/04/2025;915.392.320-00;Rolland Salvati;Nordeste;Tablet Lenovo;100;1325.78;132578.0;;;;;;;
26/05/2025;941.447.384-00;Morris Casol;Nordeste;TV TCL;92;2826.92;260076.64;;;;;;;
24/01/2024;126.215.504-52;Dedie MacLese;Sudeste;Cerveja Heineken;98;1178.04;115447.92;;;;;;;
12/10/2025;715.556.727-28;Cassondra Fitzroy;Centro-Oeste;Geladeira LG;63;2312.03;145657.89;;;;;;;
21/01/2024;400.987.056-79;Erda Mussalli;Centro-Oeste;Smartphone Apple;93;792.52;73704.36;;;;;;;
04/11/2025;218.670.076-06;Aldon Stanway;Norte;Notebook HP;83;4089.78;339451.74;;;;;;;
01/03/2024;634.745.715-67;Karlee Dewhurst;Sudeste;Fogao Philco;64;804.79;51506.56;;;;;;;
09/07/2024;582.608.875-33;Tore Phoenix;Sudeste;Fogao Philco;71;2977.84;211426.64;;;;;;;
26/05/2025;246.099.075-85;Phyllis Bromidge;Sudeste;Notebook Asus;50;2521.49;126074.5;;;;;;;
14/08/2024;721.854.270-08;Fredia Doggart;Norte;Smartphone Samsung;13;2481.1;32254.3;;;;;;;
31/01/2024;395.876.055-43;Felizio Gurner;Sudeste;Ar Condicionado LG;36;2040.21;73447.56;;;;;;;
27/03/2024;275.413.621-58;Aigneis McCaughan;Nordeste;Fogao Brastemp;80;948.83;75906.4;;;;;;;
27/03/2025;752.084.642-33;Quintana Aitken;Norte;Ar Condicionado Gree;19;2676.95;50862.05;;;;;;;
11/10/2024;721.729.968-31;Dillie Spanton;Nordeste;Agua Mineral Bonafont;1;3495.39;3495.39;;;;;;;
22/09/2024;925.445.169-09;Jandy Dennehy;Norte;Fogao Consul;34;1462.01;49708.34;;;;;;;
29/03/2024;053.427.201-09;Woodrow Dury;Nordeste;Agua Mineral Crystal;69;1497.4;103320.6;;;;;;;
16/03/2024;793.328.756-50;Hesther Girkin;Centro-Oeste;Notebook Lenovo;73;1648.1;120311.3;;;;;;;
19/06/2024;014.068.382-84;Shamus Pay;Nordeste;Ar Condicionado LG;52;1568.78;81576.56;;;;;;;
13/04/2024;990.781.126-20;Chan Antonsen;Centro-Oeste;Chocolate Hersheys;69;3275.05;225978.45;;;;;;;
04/09/2025;644.779.686-63;Sherye Blaxall;Sudeste;TV Philips;30;3270.98;98129.4;;;;;;;
28/12/2024;070.193.120-55;Jody Simcoe;Norte;Refrigerante Sprite;30;4617.46;138523.8;;;;;;;
14/04/2025;738.587.050-39;Ernesta Flatman;Nordeste;Smartphone Apple;49;597.04;29254.96;;;;;;;
01/09/2025;301.904.091-42;Ev Keuning;Centro-Oeste;Notebook Asus;82;2492.21;204361.22;;;;;;;
28/03/2024;000.666.482-20;Kris Muir;Norte;Ar Condicionado LG;99;3062.84;303221.16;;;;;;;
02/09/2025;569.417.036-95;Sebastien McAulay;Centro-Oeste;Agua Mineral Minalba;88;1117.57;98346.16;;;;;;;
02/07/2025;811.620.498-04;Carola Kirtland;Centro-Oeste;TV TCL;34;1453.5;49419.0;;;;;;;
16/08/2024;945.209.584-90;Lian Jeeves;Sul;Fogao Electrolux;23;520.9;11980.7;;;;;;;
29/11/2025;416.639.671-48;Veronike Laise;Sudeste;Fone Ouvido Multilaser;87;4651.82;404708.34;;;;;;;
21/07/2024;054.174.331-79;Ozzie Stutter;Centro-Oeste;Chocolate Lacta;23;4569.78;105104.94;;;;;;;
02/07/2025;335.992.254-94;Thurstan Bickerstasse;Norte;Maquina Lavar Consul;98;1434.71;140601.58;;;;;;;
19/02/2025;924.813.124-73;Maxine Gleeton;Norte;Tablet Apple;7;2065.63;14459.41;;;;;;;
03/12/2024;381.972.148-75;Legra Gloster;Nordeste;Cerveja Skol;66;1711.88;112984.08;;;;;;;
14/09/2025;733.111.822-60;Bernhard Macrow;Norte;Fone Ouvido JBL;48;530.58;25467.84;;;;;;;
05/02/2024;404.364.825-17;Nedda Lindermann;Centro-Oeste;Geladeira Brastemp;76;2471.2;187811.2;;;;;;;
25/06/2024;198.853.066-09;Lorelei Biaggioli;Norte;Fogao Brastemp;42;3241.28;136133.76;;;;;;;
20/12/2024;343.287.640-80;Modestia McNicol;Norte;Maquina Lavar Brastemp;62;855.61;53047.82;;;;;;;
01/09/2025;765.060.163-37;Mei Libero;Nordeste;Agua Mineral Crystal;3;4389.52;13168.56;;;;;;;
25/04/2024;123.198.362-09;Augy Crick;Centro-Oeste;TV Sony;2;4403.39;8806.78;;;;;;;
21/11/2024;880.256.560-04;Estella Oxborough;Centro-Oeste;Fogao Consul;45;1993.5;89707.5;;;;;;;
20/05/2025;954.454.434-85;Tove Colebrook;Centro-Oeste;TV Philips;89;1941.52;172795.28;;;;;;;
03/12/2024;974.195.781-50;Patrizia Stockney;Sul;Fogao Electrolux;52;4987.13;259330.76;;;;;;;
21/02/2024;765.060.163-37;Felix Popplewell;Norte;Notebook Lenovo;58;2258.36;130984.88;;;;;;;
03/11/2025;201.248.123-09;Tara Middleweek;Sul;Smartphone LG;66;4837.8;319294.8;;;;;;;
22/05/2025;807.616.550-42;Mikkel Duddy;Centro-Oeste;Ar Condicionado Gree;52;1291.18;67141.36;;;;;;;
21/12/2025;620.517.188-06;Fionna Giorgio;Sul;Agua Mineral Indaia;36;4801.81;172865.16;;;;;;;
05/11/2024;998.393.666-61;Ax Cabell;Centro-Oeste;Cerveja Antarctica;92;797.93;73409.56;;;;;;;
20/05/2024;674.726.962-42;Jesselyn Bowcock;Sul;Smartphone Xiaomi;34;585.09;19893.06;;;;;;;
06/11/2025;244.081.485-71;Menard Dyas;Sudeste;Notebook Lenovo;98;3599.77;352777.46;;;;;;;
02/05/2024;270.615.561-29;Adorne Matches;Sudeste;Fogao Brastemp;16;1550.89;24814.24;;;;;;;
13/11/2025;050.896.075-40;Giff Frear;Sul;Fone Ouvido Xiaomi;7;4290.96;30036.72;;;;;;;
12/06/2024;243.944.601-74;Luciano Wrey;Sul;Refrigerante Fanta;53;2104.54;111540.62;;;;;;;
11/11/2025;002.102.517-78;Feliks Doles;Nordeste;Geladeira Electrolux;93;1145.03;106487.79;;;;;;;
10/10/2024;792.376.722-09;Dana Reddington;Sul;Tablet Positivo;26;2514.07;65365.82;;;;;;;
26/01/2025;278.271.615-88;Joell Finneran;Centro-Oeste;Tablet Apple;95;2557.87;242997.65;;;;;;;
28/04/2024;853.638.939-75;Jackie Louca;Nordeste;Fone Ouvido JBL;32;3819.89;122236.48;;;;;;;
23/02/2025;991.809.444-34;Ephrayim Liddel;Norte;Geladeira Brastemp;64;4055.73;259566.72;;;;;;;
04/04/2025;920.689.356-43;Cymbre Renols;Sul;Maquina Lavar Samsung;27;2965.74;80074.98;;;;;;;
07/05/2025;042.438.891-04;Bram Blanchet;Norte;Chocolate Lindt;96;3806.25;365400.0;;;;;;;
29/01/2025;844.906.569-04;Leilah Hargreaves;Centro-Oeste;TV TCL;66;4596.43;303364.38;;;;;;;
31/07/2025;666.847.075-06;Martie De Giorgio;Norte;Smartphone Motorola;87;3143.78;273508.86;;;;;;;
18/01/2024;063.544.536-08;Salome Akroyd;Nordeste;Agua Mineral Minalba;49;4518.73;221417.77;;;;;;;
11/11/2025;103.612.826-13;Jon Karpeev;Sul;Ventilador Mueller;35;1442.73;50495.55;;;;;;;
27/07/2024;502.065.156-77;Odelinda Rolley;Norte;Chocolate Lindt;87;3316.74;288556.38;;;;;;;
20/01/2024;040.379.122-79;Claudetta Hannam;Sudeste;Notebook Asus;55;4856.16;267088.8;;;;;;;
24/11/2024;049.841.151-65;Gert Tebbett;Centro-Oeste;Agua Mineral Minalba;68;4005.76;272391.68;;;;;;;
16/06/2025;719.434.739-35;Andrus Rivilis;Nordeste;Ar Condicionado Consul;53;3492.81;185118.93;;;;;;;
18/04/2025;733.989.228-13;Elinore Clementel;Nordeste;Fone Ouvido Sony;72;867.12;62432.64;;;;;;;
03/04/2025;166.807.100-22;Levy Little;Centro-Oeste;Cerveja Antarctica;22;4505.82;99128.04;;;;;;;
10/11/2024;047.732.554-80;Yasmeen Alpes;Norte;Fone Ouvido Sony;22;4723.05;103907.1;;;;;;;
10/09/2024;251.264.268-26;Dulsea Josephoff;Norte;Agua Mineral Crystal;53;2962.24;156998.72;;;;;;;
30/12/2025;666.847.075-06;Grete Giovannetti;Nordeste;Smartphone Samsung;66;952.39;62857.74;;;;;;;
30/11/2024;322.056.568-99;Anabel Snuggs;Sudeste;Ventilador Britania;74;892.41;66038.34;;;;;;;
25/04/2024;198.853.066-09;Iorgos Panons;Nordeste;Geladeira Consul;10;559.06;5590.6;;;;;;;
04/03/2025;874.665.244-27;Neala Rudsdale;Sudeste;Notebook HP;12;4351.97;52223.64;;;;;;;
17/10/2025;717.628.070-33;Linette Simeonov;Sudeste;Maquina Lavar LG;30;4422.52;132675.6;;;;;;;
05/06/2024;226.790.877-80;Ivan Trattles;Centro-Oeste;Maquina Lavar Brastemp;31;1296.53;40192.43;;;;;;;
03/03/2024;557.870.891-97;Aggi Carlens;Centro-Oeste;Notebook Asus;22;3392.63;74637.86;;;;;;;
15/05/2024;263.188.242-35;Leena Collyns;Sudeste;Refrigerante Guarana Antarctica;41;3450.04;141451.64;;;;;;;
04/03/2025;048.772.810-61;Greta Oldacre;Norte;Fone Ouvido Philips;29;3414.8;99029.2;;;;;;;
30/08/2025;104.184.088-82;Yancy Goodbody;Nordeste;Fogao Brastemp;82;2627.29;215437.78;;;;;;;
24/11/2025;185.570.880-94;Gibby Decreuze;Nordeste;Tablet Multilaser;52;3264.62;169760.24;;;;;;;
25/09/2025;030.301.767-89;Greg Torrie;Sul;Chocolate Nestle;88;2001.15;176101.2;;;;;;;
05/07/2024;469.844.727-50;Ansley Taill;Centro-Oeste;Maquina Lavar LG;86;3865.27;332413.22;;;;;;;
12/06/2025;218.670.076-06;Robinette Gynn;Sudeste;TV Philips;85;2747.39;233528.15;;;;;;;
01/09/2025;085.284.479-44;Fields Long;Centro-Oeste;Ar Condicionado Gree;4;2995.49;11981.96;;;;;;;
18/09/2025;967.165.886-55;Christabella Parkey;Nordeste;Geladeira Samsung;99;4269.8;422710.2;;;;;;;
07/01/2025;821.374.400-40;Diannne Taffe;Sudeste;Fogao Brastemp;70;2526.05;176823.5;;;;;;;
06/07/2025;047.732.554-80;Stanislaus Theis;Nordeste;Notebook Asus;61;4157.46;253605.06;;;;;;;
01/12/2024;360.190.003-38;Saloma Ironmonger;Nordeste;Agua Mineral Crystal;11;3440.89;37849.79;;;;;;;
15/12/2024;397.905.743-71;Ashlin Hutchings;Sudeste;Agua Mineral Indaia;15;1552.17;23282.55;;;;;;;
06/12/2024;244.081.485-71;Eveline Bittlestone;Nordeste;Notebook Dell;73;2361.01;172353.73;;;;;;;
13/02/2024;058.478.435-00;Dell Dundon;Centro-Oeste;Ar Condicionado Springer;29;2183.68;63326.72;;;;;;;
18/09/2024;579.629.020-78;Ange Rudkin;Sudeste;Cerveja Skol;61;2933.28;178930.08;;;;;;;
25/05/2024;424.742.699-08;Sven Klimkovich;Sul;Tablet Multilaser;30;4383.89;131516.7;;;;;;;
27/06/2025;924.554.455-93;Blancha Burne;Norte;Fogao Consul;46;1519.31;69888.26;;;;;;;
05/10/2025;506.784.059-56;Shirl Stoak;Centro-Oeste;Agua Mineral Schin;28;2655.31;74348.68;;;;;;;
22/09/2025;557.582.689-92;Ernesta Liell;Centro-Oeste;Agua Mineral Crystal;99;3431.69;339737.31;;;;;;;
13/05/2024;040.170.127-10;Correy Petrelli;Sudeste;Ar Condicionado Springer;54;4784.89;258384.06;;;;;;;
01/04/2025;766.387.271-17;Bailey Brackstone;Sul;Notebook Acer;56;3550.41;198822.96;;;;;;;
24/01/2024;661.380.223-94;Denys Gallagher;Centro-Oeste;Agua Mineral Minalba;25;4441.21;111030.25;;;;;;;
06/10/2024;820.624.439-51;Gustave Kobieriecki;Sudeste;Ar Condicionado Gree;6;1191.11;7146.66;;;;;;;
10/03/2024;010.848.705-92;Nate Hannis;Norte;Ar Condicionado Samsung;24;921.33;22111.92;;;;;;;
24/10/2025;888.794.950-62;Davon Fellow;Centro-Oeste;TV TCL;68;2444.74;166242.32;;;;;;;
15/12/2024;095.161.146-10;Christa Hance;Centro-Oeste;Tablet Samsung;50;733.4;36670.0;;;;;;;
21/03/2025;527.197.699-83;Kylila Lill;Nordeste;Chocolate Garoto;24;3819.09;91658.16;;;;;;;
30/10/2024;765.061.102-79;Libby Dumigan;Norte;Fone Ouvido JBL;48;1439.51;69096.48;;;;;;;
01/12/2025;930.273.081-65;Justus Sharram;Sul;TV Samsung;15;3826.58;57398.7;;;;;;;
06/11/2025;582.608.875-33;Sile Kaminski;Norte;Ar Condicionado Gree;35;4674.88;163620.8;;;;;;;
02/01/2024;791.425.486-08;Isadore Copnar;Sul;Maquina Lavar LG;22;3525.34;77557.48;;;;;;;
24/02/2025;558.890.997-60;Douglas Fanthom;Centro-Oeste;Notebook Acer;15;3853.7;57805.5;;;;;;;
12/04/2025;447.261.213-59;Ulrikaumeko Haward;Nordeste;Geladeira Brastemp;96;3507.87;336755.52;;;;;;;
05/06/2024;728.753.116-03;Heinrik Newhouse;Nordeste;Refrigerante Guarana Antarctica;89;1038.4;92417.6;;;;;;;
05/02/2025;774.173.333-89;Freeland Chiene;Sudeste;Agua Mineral Crystal;41;4509.97;184908.77;;;;;;;
15/12/2024;611.527.380-38;Charin Abdey;Sul;TV Sony;70;2917.02;204191.4;;;;;;;
21/09/2024;591.585.492-34;Foster Kirvin;Sul;Fogao Brastemp;22;2657.59;58466.98;;;;;;;
26/11/2025;967.165.886-55;Rivy Kipling;Norte;Refrigerante Fanta;7;3348.49;23439.43;;;;;;;
20/01/2024;478.851.825-25;Letta Muston;Sul;Tablet Multilaser;55;3349.79;184238.45;;;;;;;
28/04/2025;111.484.368-71;Leland Tocknell;Norte;Maquina Lavar Consul;5;2265.33;11326.65;;;;;;;
16/12/2025;478.851.825-25;Cully Cayser;Centro-Oeste;Fogao Electrolux;15;2400.27;36004.05;;;;;;;
01/05/2025;232.891.814-05;Norbie Keene;Norte;Cerveja Antarctica;45;1322.91;59530.95;;;;;;;
01/03/2024;546.185.993-32;Yevette Tunna;Centro-Oeste;Fogao Midea;2;577.32;1154.64;;;;;;;
19/10/2025;158.057.935-39;Desmond Rothermel;Sul;Chocolate Lindt;26;2244.1;58346.6;;;;;;;
17/08/2024;915.686.293-89;Issi Littlemore;Norte;TV TCL;71;4525.68;321323.28;;;;;;;
19/02/2025;762.324.502-30;Zachery Aronstein;Sul;Ar Condicionado Springer;14;698.3;9776.2;;;;;;;
19/01/2025;141.053.698-06;Binnie Bech;Sul;Refrigerante Sprite;46;3298.03;151709.38;;;;;;;
21/07/2025;359.343.520-91;Clarance Trusslove;Norte;Maquina Lavar LG;30;1189.03;35670.9;;;;;;;
25/10/2025;086.868.840-16;Faber Marshall;Centro-Oeste;TV Sony;20;2017.07;40341.4;;;;;;;
18/09/2025;230.871.582-08;Darin Ellerington;Norte;Cerveja Brahma;32;4619.69;147830.08;;;;;;;
04/06/2025;329.743.789-86;Torrie Taverner;Norte;Notebook Dell;15;4562.34;68435.1;;;;;;;
02/04/2024;325.939.394-35;Robin Goddert.sf;Sul;Smartphone Motorola;81;845.56;68490.36;;;;;;;
13/04/2025;219.403.709-81;Lambert Beveridge;Sudeste;Cerveja Antarctica;79;2157.26;170423.54;;;;;;;
01/07/2025;161.070.248-40;Christy Bendley;Sul;Agua Mineral Crystal;73;609.26;44475.98;;;;;;;
06/08/2025;161.070.248-40;Francklin Dat;Nordeste;Fone Ouvido Sony;65;3451.29;224333.85;;;;;;;
03/03/2025;533.921.451-65;Garrek Shimmin;Nordeste;Ventilador Mondial;60;1516.44;90986.4;;;;;;;
25/08/2024;136.613.128-20;Boony Terrelly;Nordeste;Cerveja Skol;99;1085.83;107497.17;;;;;;;
24/07/2024;404.008.086-68;Melinda Roumier;Nordeste;Fogao Philco;20;4539.31;90786.2;;;;;;;
28/03/2025;221.603.769-90;Stanleigh Saddleton;Centro-Oeste;Smartphone Samsung;73;3524.92;257319.16;;;;;;;
23/03/2024;323.401.562-70;Fan Bianco;Nordeste;Agua Mineral Schin;93;2579.54;239897.22;;;;;;;
15/02/2025;035.274.914-81;Kaye Full;Nordeste;Notebook Lenovo;72;4379.85;315349.2;;;;;;;
06/12/2025;071.613.118-88;Dianna Clissold;Norte;Tablet Lenovo;10;1366.16;13661.6;;;;;;;
26/01/2025;733.028.543-90;Desmund La Wille;Sul;Cerveja Stella Artois;72;588.41;42365.52;;;;;;;
22/10/2025;415.896.181-57;Olenolin O'Mahoney;Centro-Oeste;Ventilador Mondial;40;3537.82;141512.8;;;;;;;
12/10/2025;281.867.239-27;Efrem Hadigate;Nordeste;Agua Mineral Crystal;86;1150.09;98907.74;;;;;;;
01/07/2024;651.719.914-48;Yuma Crowche;Sul;Notebook Acer;81;524.48;42482.88;;;;;;;
10/04/2024;882.940.407-11;Eustacia Trengrouse;Sul;Notebook Asus;73;1981.64;144659.72;;;;;;;
14/10/2024;667.280.905-84;Roselle Buttwell;Nordeste;Ventilador Philco;55;1635.64;89960.2;;;;;;;
19/10/2024;628.220.812-20;Trace McMorran;Centro-Oeste;TV Philips;56;2861.26;160230.56;;;;;;;
18/03/2024;684.286.562-07;Rowe Toghill;Centro-Oeste;Maquina Lavar LG;21;4832.28;101477.88;;;;;;;
07/03/2025;914.561.591-86;Jobey Maffioletti;Sudeste;Refrigerante Guarana Antarctica;78;1720.03;134162.34;;;;;;;
19/10/2025;048.772.810-61;Toddy Giacomasso;Nordeste;Notebook Lenovo;48;1960.84;94120.32;;;;;;;
07/05/2024;213.809.608-43;Joana Wilshere;Centro-Oeste;Notebook Asus;85;4365.61;371076.85;;;;;;;
07/09/2025;146.610.158-00;Allan Baskett;Norte;Fone Ouvido JBL;75;4668.95;350171.25;;;;;;;
29/08/2024;824.963.415-20;Udale Grollmann;Nordeste;Ventilador Arno;16;964.46;15431.36;;;;;;;
24/07/2025;920.689.356-43;Maxy Stern;Sudeste;Agua Mineral Indaia;57;4526.34;258001.38;;;;;;;
15/06/2024;951.417.440-27;Elna Duker;Centro-Oeste;Geladeira Consul;85;4463.96;379436.6;;;;;;;
01/07/2025;945.209.584-90;Ernestine Insoll;Sul;Ventilador Mondial;2;3895.13;7790.26;;;;;;;
06/05/2024;941.763.809-26;Marcellus Orme;Nordeste;Notebook Acer;52;2253.05;117158.6;;;;;;;
02/04/2025;701.242.117-71;Twyla Howorth;Centro-Oeste;Ventilador Arno;47;3068.17;144203.99;;;;;;;
16/06/2024;288.489.290-79;Bernardo McGrae;Nordeste;Fone Ouvido Xiaomi;27;4030.77;108830.79;;;;;;;
05/01/2024;653.027.876-10;Dorrie Denne;Sul;Agua Mineral Indaia;42;837.63;35180.46;;;;;;;
19/08/2024;142.163.664-65;Fernandina Durrand;Norte;Refrigerante Guarana Antarctica;17;1942.58;33023.86;;;;;;;
21/01/2025;524.436.984-91;Georgeta Breyt;Sul;Chocolate Nestle;53;2749.68;145733.04;;;;;;;
15/03/2025;828.509.169-43;Cheston Geach;Sudeste;Chocolate Nestle;45;857.62;38592.9;;;;;;;
14/04/2024;629.759.819-37;Englebert Dallaway;Norte;Cerveja Antarctica;12;2415.41;28984.92;;;;;;;
11/12/2024;691.738.469-02;Obediah Ganforth;Sul;Geladeira Electrolux;78;2131.39;166248.42;;;;;;;
17/08/2024;594.046.655-92;Ottilie McGeorge;Norte;Fone Ouvido Sony;21;2597.33;54543.93;;;;;;;
13/11/2024;727.979.647-80;Clemente Greatham;Centro-Oeste;Notebook HP;7;2090.0;14630.0;;;;;;;
18/03/2024;258.425.255-42;Easter Ivery;Nordeste;TV Philips;74;4522.87;334692.38;;;;;;;
01/12/2024;586.263.742-75;Tamara Monard;Nordeste;Ar Condicionado Gree;33;521.56;17211.48;;;;;;;
27/07/2024;505.226.450-03;Elaina MacGhee;Centro-Oeste;Geladeira Electrolux;78;1144.72;89288.16;;;;;;;
24/03/2024;673.316.705-06;Geri Chaperling;Sul;TV TCL;70;1791.83;125428.1;;;;;;;
14/10/2025;750.585.164-03;Melita Huston;Sudeste;Tablet Lenovo;92;4722.77;434494.84;;;;;;;
17/09/2024;363.970.582-39;Camellia Chewter;Centro-Oeste;Fogao Midea;71;3130.3;222251.3;;;;;;;
12/08/2025;828.979.042-24;Selig McQuilkin;Norte;Fogao Brastemp;67;1269.69;85069.23;;;;;;;
06/02/2024;414.704.406-95;Corabel Rabbatts;Sul;Notebook Acer;10;3431.55;34315.5;;;;;;;
31/08/2024;562.457.078-38;Carr Lowers;Nordeste;Geladeira Consul;48;4390.96;210766.08;;;;;;;
17/08/2025;518.457.720-32;Dew Santos;Centro-Oeste;Refrigerante CocaCola;2;1522.62;3045.24;;;;;;;
08/10/2025;431.351.083-41;Orland Perett;Sudeste;TV Samsung;24;4703.8;112891.2;;;;;;;
16/02/2025;907.466.231-51;Gal Demcak;Sudeste;Tablet Multilaser;94;3791.81;356430.14;;;;;;;
06/01/2025;096.813.339-85;Roldan Goretti;Sudeste;Fogao Consul;30;3738.71;112161.3;;;;;;;
14/02/2024;030.498.507-44;Elfrieda Dober;Norte;Chocolate Lacta;12;3709.0;44508.0;;;;;;;
03/05/2024;060.445.594-16;Hamil Noulton;Nordeste;Fogao Philco;74;1823.75;134957.5;;;;;;;
10/02/2025;706.592.833-01;Jobey Theodore;Sul;Chocolate Lindt;63;4910.78;309379.14;;;;;;;
28/04/2024;325.507.161-59;Pennie Snedker;Nordeste;TV Samsung;79;3058.43;241615.97;;;;;;;
18/11/2025;142.163.664-65;Josefa Lyal;Centro-Oeste;Fogao Brastemp;31;4281.61;132729.91;;;;;;;
23/04/2024;232.325.068-01;Wenona Kinchlea;Centro-Oeste;TV Philips;97;2584.34;250680.98;;;;;;;
04/11/2024;715.556.727-28;Rayner Levings;Norte;Fone Ouvido Philips;71;739.9;52532.9;;;;;;;
08/12/2024;732.569.080-04;Lari Larrosa;Norte;Ventilador Britania;62;2941.28;182359.36;;;;;;;
30/03/2024;778.322.950-66;Ambros Mandres;Sul;Notebook Asus;65;3455.16;224585.4;;;;;;;
01/11/2024;701.242.117-71;Derrik Tewelson;Centro-Oeste;Notebook Acer;78;2722.76;212375.28;;;;;;;
29/08/2024;163.031.189-84;Lena Morehall;Centro-Oeste;Fone Ouvido Philips;60;1139.52;68371.2;;;;;;;
16/08/2025;560.457.870-30;Gustavo Jevons;Sudeste;TV Philips;11;2546.89;28015.79;;;;;;;
26/05/2025;230.871.582-08;Otes Eyres;Centro-Oeste;Agua Mineral Schin;56;3937.18;220482.08;;;;;;;
21/08/2024;941.763.809-26;Hubert Crisford;Sul;Refrigerante CocaCola;32;3143.94;100606.08;;;;;;;
06/01/2024;054.174.331-79;Banky O'Coskerry;Nordeste;Ventilador Arno;27;3024.98;81674.46;;;;;;;
31/08/2025;941.763.809-26;Kalle Mayho;Norte;Notebook Dell;17;1924.21;32711.57;;;;;;;
26/06/2025;690.264.450-08;Evanne Tubby;Sul;Tablet Positivo;84;3715.46;312098.64;;;;;;;
21/10/2024;110.156.453-99;Urson Loughan;Norte;Maquina Lavar Consul;30;4865.2;145956.0;;;;;;;
28/07/2025;987.767.386-04;Charmine Plaistowe;Nordeste;Tablet Apple;79;3179.9;251212.1;;;;;;;
12/08/2025;604.082.896-00;Torrin Dainty;Norte;Cerveja Brahma;90;4957.43;446168.7;;;;;;;
21/10/2025;689.639.725-00;Kellen Scamerdine;Sul;Smartphone LG;62;4569.46;283306.52;;;;;;;
09/06/2024;511.074.699-02;Patrick Feehely;Nordeste;Geladeira LG;59;2707.42;159737.78;;;;;;;
25/08/2024;355.604.758-66;Maudie Rosoman;Sul;Geladeira Samsung;69;1431.06;98743.14;;;;;;;
29/09/2024;437.062.224-77;Olly Wilkennson;Nordeste;Notebook Dell;9;512.21;4609.89;;;;;;;
20/06/2025;737.237.915-65;Nickey Kohlert;Centro-Oeste;Cerveja Brahma;37;2240.65;82904.05;;;;;;;
08/02/2025;921.845.980-54;Malynda Gabby;Nordeste;Tablet Lenovo;49;4887.44;239484.56;;;;;;;
08/04/2024;485.902.732-96;Davida Dowdeswell;Norte;Agua Mineral Schin;55;4567.66;251221.3;;;;;;;
20/06/2024;017.001.871-71;Orelle Pollack;Sul;Ventilador Britania;48;2195.4;105379.2;;;;;;;
14/04/2025;567.147.348-91;Dulcea Bessant;Norte;Chocolate Nestle;23;4202.2;96650.6;;;;;;;
29/09/2025;155.983.808-62;Sileas Casse;Sul;Ventilador Mueller;31;2806.36;86997.16;;;;;;;
28/08/2025;291.159.810-53;Calhoun Alesin;Sul;Maquina Lavar Brastemp;14;2413.38;33787.32;;;;;;;
26/04/2024;236.950.980-58;Errol Strutley;Centro-Oeste;Ventilador Britania;98;4770.73;467531.54;;;;;;;
23/10/2025;368.407.365-20;Yurik Barkus;Centro-Oeste;Refrigerante Fanta;77;4322.3;332817.1;;;;;;;
20/01/2024;063.544.536-08;Kelwin Killner;Norte;Cerveja Heineken;92;1318.47;121299.24;;;;;;;
22/03/2024;089.633.579-88;Ediva Kleis;Nordeste;Notebook Acer;84;2147.53;180392.52;;;;;;;
08/06/2025;829.030.244-48;Haydon Thirtle;Sul;Geladeira Electrolux;17;4542.64;77224.88;;;;;;;
29/07/2024;492.433.863-01;Vivie Belone;Sul;Refrigerante CocaCola;86;4792.66;412168.76;;;;;;;
13/12/2025;002.102.517-78;Wendie Hort;Nordeste;Chocolate Hersheys;56;1794.41;100486.96;;;;;;;
01/01/2024;951.417.440-27;Giacobo MacDougal;Sul;Fogao Brastemp;27;637.9;17223.3;;;;;;;
15/02/2024;400.987.056-79;Annaliese Dallewater;Sul;TV TCL;30;3917.3;117519.0;;;;;;;
30/10/2025;550.174.720-02;Anny Khidr;Norte;Fone Ouvido Philips;93;1182.32;109955.76;;;;;;;
06/04/2024;779.676.955-50;Kassi Duffill;Nordeste;Chocolate Garoto;27;3448.22;93101.94;;;;;;;
09/06/2025;611.527.380-38;Engracia Romushkin;Nordeste;Cerveja Antarctica;86;3035.02;261011.72;;;;;;;
01/05/2024;314.373.647-05;Zeke McBrearty;Sul;Maquina Lavar LG;76;3519.76;267501.76;;;;;;;
29/07/2025;340.047.889-00;Denice Spoure;Centro-Oeste;TV Samsung;18;1832.84;32991.12;;;;;;;
13/05/2025;896.668.059-36;Jordan Esbrook;Sudeste;Ar Condicionado LG;70;4586.43;321050.1;;;;;;;
17/08/2024;157.460.029-09;Angel Judd;Norte;Maquina Lavar LG;50;4971.43;248571.5;;;;;;;
12/01/2025;054.174.331-79;Bert Feldfisher;Sul;Smartphone LG;19;1484.57;28206.83;;;;;;;
30/11/2024;825.850.877-60;Hersh Braidford;Sudeste;TV Philips;46;1037.79;47738.34;;;;;;;
16/02/2025;415.896.181-57;Bobbe Luno;Norte;Chocolate Lindt;45;3585.73;161357.85;;;;;;;
07/08/2025;263.188.242-35;Barr Mattke;Norte;Ar Condicionado Springer;55;3245.66;178511.3;;;;;;;
05/04/2025;770.219.963-65;Emelita Zavattari;Nordeste;Chocolate Hersheys;71;3060.75;217313.25;;;;;;;
02/12/2025;706.750.317-53;Annissa Dowdeswell;Sudeste;Fogao Consul;58;2822.33;163695.14;;;;;;;
04/11/2025;518.457.720-32;Birdie Qualtrough;Sudeste;Refrigerante Fanta;14;1374.53;19243.42;;;;;;;
12/09/2025;435.963.564-82;Albertina Trays;Nordeste;Chocolate Hersheys;7;3710.65;25974.55;;;;;;;
11/01/2024;478.244.380-31;Aymer Honywill;Centro-Oeste;Cerveja Stella Artois;8;3372.98;26983.84;;;;;;;
08/03/2024;035.274.914-81;Konstance Tourville;Norte;Chocolate Garoto;63;3252.73;204921.99;;;;;;;
29/01/2025;714.658.284-19;Donn Korf;Sudeste;Fone Ouvido JBL;51;902.37;46020.87;;;;;;;
09/04/2025;301.522.759-91;Letty Hawkswood;Nordeste;Maquina Lavar LG;21;2162.23;45406.83;;;;;;;
09/02/2025;355.604.758-66;Byram Salleir;Norte;Geladeira Brastemp;17;1930.3;32815.1;;;;;;;
30/07/2024;663.155.140-49;Shelbi Kondrachenko;Centro-Oeste;Fogao Electrolux;43;1356.63;58335.09;;;;;;;
03/06/2025;352.911.816-80;Brody Hutchason;Nordeste;Chocolate Hersheys;74;4074.32;301499.68;;;;;;;
11/07/2025;939.603.755-90;Phyllys Harrismith;Nordeste;Fone Ouvido Philips;3;1916.27;5748.81;;;;;;;
20/01/2024;878.103.046-07;Lurleen Tyre;Nordeste;Fone Ouvido JBL;88;4651.78;409356.64;;;;;;;
26/05/2024;277.867.505-17;Calypso Cattrell;Nordeste;Fogao Midea;65;4891.29;317933.85;;;;;;;
27/06/2024;332.810.853-00;Ashil Hovenden;Sudeste;Ventilador Arno;84;1682.41;141322.44;;;;;;;
03/06/2024;396.939.110-59;Noelani Deal;Norte;Refrigerante Fanta;14;4607.21;64500.94;;;;;;;
15/12/2024;291.537.496-18;Cortney Bynold;Sul;Geladeira Brastemp;34;4313.65;146664.1;;;;;;;
28/02/2025;995.494.497-42;Rolland Brierton;Norte;Refrigerante Guarana Antarctica;71;4439.98;315238.58;;;;;;;
02/03/2024;787.698.787-73;Lulita Wolfindale;Centro-Oeste;Cerveja Brahma;41;3668.65;150414.65;;;;;;;
22/10/2025;201.248.123-09;Obed Pakeman;Sudeste;Notebook Acer;98;2440.95;239213.1;;;;;;;
16/01/2024;417.444.103-05;Lyman Holleworth;Nordeste;Notebook Asus;64;1822.21;116621.44;;;;;;;
14/04/2025;340.654.785-02;Laney Blockwell;Nordeste;Cerveja Antarctica;2;2737.91;5475.82;;;;;;;
29/02/2024;410.254.144-62;Cacilie Hubbins;Centro-Oeste;Ar Condicionado Samsung;13;3827.63;49759.19;;;;;;;
30/06/2024;980.998.242-96;Corby Meakin;Sul;Ventilador Mondial;87;4371.0;380277.0;;;;;;;
01/05/2024;844.010.243-70;Jami Feitosa;Sul;Agua Mineral Schin;52;662.41;34445.32;;;;;;;
15/03/2024;661.496.925-07;Joye Machan;Centro-Oeste;Chocolate Hersheys;43;1006.37;43273.91;;;;;;;
13/05/2025;067.832.909-56;Cris Costan;Norte;Smartphone LG;89;3575.83;318248.87;;;;;;;
27/03/2025;416.639.671-48;Merell Mackstead;Sudeste;Refrigerante Sprite;75;4511.84;338388.0;;;;;;;
08/06/2024;124.416.983-89;Lianna Burl;Norte;Chocolate Garoto;9;2536.84;22831.56;;;;;;;
11/10/2024;651.409.932-79;Fionnula Eastway;Sudeste;Geladeira Electrolux;11;701.97;7721.67;;;;;;;
27/04/2025;550.437.009-47;Barb Finnimore;Sudeste;Maquina Lavar Brastemp;51;2940.58;149969.58;;;;;;;
21/02/2025;541.202.026-74;Betteanne Gatteridge;Norte;Geladeira Brastemp;50;4094.65;204732.5;;;;;;;
04/07/2025;693.632.141-09;Audrye Andriveau;Sudeste;Fone Ouvido Sony;12;3423.91;41086.92;;;;;;;
